CZI_File,Locality,Species,Confidence,Center_X_px,Center_Y_px,Area_um2,Perimeter_um,Circularity,Aspect_Ratio,BoundingBox_Width_um,BoundingBox_Height_um,Suitable_For_Volume
20260710_106_AbuAus15 AbuAus15_Kocarkova.czi,260709_Pollen-Production,AbuAus,0.968,11748.1,13594.7,4209.46,244.39,0.886,0.921,71.93,78.07,True
20260710_106_AbuAus15 AbuAus15_Kocarkova.czi,260709_Pollen-Production,AbuAus,0.9623,7071.0,10441.6,8066.85,344.08,0.856,0.92,100.88,109.66,True
20260710_106_AbuAus15 AbuAus15_Kocarkova.czi,260709_Pollen-Production,AbuAus,0.9614,8285.9,13879.0,3706.92,261.86,0.679,0.478,48.25,100.88,True
20260710_106_AbuAus15 AbuAus15_Kocarkova.czi,260709_Pollen-Production,AbuAus,0.9611,10173.6,11885.0,8054.15,337.45,0.889,1.035,104.39,100.88,True
20260710_106_AbuAus15 AbuAus15_Kocarkova.czi,260709_Pollen-Production,AbuAus,0.9606,6897.0,7444.8,8616.3,348.8,0.89,0.983,103.51,105.27,True
20260710_106_AbuAus15 AbuAus15_Kocarkova.czi,260709_Pollen-Production,AbuAus,0.9605,8113.9,12340.0,5675.45,322.6,0.685,0.96,84.22,87.72,True
20260710_106_AbuAus15 AbuAus15_Kocarkova.czi,260709_Pollen-Production,AbuAus,0.9603,10370.1,11525.6,8351.95,344.3,0.885,0.967,103.51,107.02,True
20260710_106_AbuAus15 AbuAus15_Kocarkova.czi,260709_Pollen-Production,AbuAus,0.96,7521.8,10234.4,8345.8,339.94,0.908,0.966,100.88,104.39,True
20260710_106_AbuAus15 AbuAus15_Kocarkova.czi,260709_Pollen-Production,AbuAus,0.9598,9631.1,11425.2,7486.59,327.74,0.876,1.0,98.25,98.25,True
20260710_106_AbuAus15 AbuAus15_Kocarkova.czi,260709_Pollen-Production,AbuAus,0.9591,10962.7,11044.1,7973.34,339.93,0.867,0.975,100.88,103.51,True
20260710_106_AbuAus15 AbuAus15_Kocarkova.czi,260709_Pollen-Production,AbuAus,0.959,9764.1,10498.9,7411.2,324.53,0.884,0.982,96.5,98.25,True
20260710_106_AbuAus15 AbuAus15_Kocarkova.czi,260709_Pollen-Production,AbuAus,0.9582,10268.4,11351.3,2723.04,237.51,0.607,0.431,41.23,95.62,True
20260710_106_AbuAus15 AbuAus15_Kocarkova.czi,260709_Pollen-Production,AbuAus,0.9581,6096.1,10063.6,8233.06,343.96,0.874,0.983,102.64,104.39,True
20260710_106_AbuAus15 AbuAus15_Kocarkova.czi,260709_Pollen-Production,AbuAus,0.958,7493.8,11518.8,7460.06,324.45,0.891,1.027,100.01,97.37,True
20260710_106_AbuAus15 AbuAus15_Kocarkova.czi,260709_Pollen-Production,AbuAus,0.958,6847.4,11156.4,7528.92,325.68,0.892,1.009,99.13,98.25,True
20260710_106_AbuAus15 AbuAus15_Kocarkova.czi,260709_Pollen-Production,AbuAus,0.9579,8574.3,10437.3,7605.89,330.53,0.875,0.991,100.01,100.88,True
20260710_106_AbuAus15 AbuAus15_Kocarkova.czi,260709_Pollen-Production,AbuAus,0.9571,7346.3,11215.7,7615.89,334.89,0.853,1.053,104.39,99.13,True
20260710_106_AbuAus15 AbuAus15_Kocarkova.czi,260709_Pollen-Production,AbuAus,0.9569,7631.3,12042.3,7605.89,326.71,0.895,1.009,100.01,99.13,True
20260710_106_AbuAus15 AbuAus15_Kocarkova.czi,260709_Pollen-Production,AbuAus,0.9568,9618.4,9778.7,6941.38,321.66,0.843,1.055,100.88,95.62,True
20260710_106_AbuAus15 AbuAus15_Kocarkova.czi,260709_Pollen-Production,AbuAus,0.9567,6563.3,9410.9,8141.5,340.75,0.881,1.0,102.64,102.64,True
20260710_106_AbuAus15 AbuAus15_Kocarkova.czi,260709_Pollen-Production,AbuAus,0.9567,7024.8,10024.2,8238.83,345.32,0.868,0.959,102.64,107.02,True
20260710_106_AbuAus15 AbuAus15_Kocarkova.czi,260709_Pollen-Production,AbuAus,0.9566,6865.6,12402.3,6970.23,352.5,0.705,1.037,97.37,93.86,True
20260710_106_AbuAus15 AbuAus15_Kocarkova.czi,260709_Pollen-Production,AbuAus,0.9563,7906.3,10450.0,7121.44,317.73,0.886,0.982,95.62,97.37,True
20260710_106_AbuAus15 AbuAus15_Kocarkova.czi,260709_Pollen-Production,AbuAus,0.9562,7577.9,11678.5,8229.61,344.6,0.871,1.0,104.39,104.39,True
20260710_106_AbuAus15 AbuAus15_Kocarkova.czi,260709_Pollen-Production,AbuAus,0.9557,10638.1,14257.4,7698.23,333.43,0.87,0.958,99.13,103.51,True
20260710_106_AbuAus15 AbuAus15_Kocarkova.czi,260709_Pollen-Production,AbuAus,0.9553,9659.6,13144.0,8450.84,345.71,0.889,1.008,104.39,103.51,True
20260710_106_AbuAus15 AbuAus15_Kocarkova.czi,260709_Pollen-Production,AbuAus,0.9548,7190.4,11479.2,8306.94,342.93,0.888,0.975,102.64,105.27,True
20260710_106_AbuAus15 AbuAus15_Kocarkova.czi,260709_Pollen-Production,AbuAus,0.9541,8139.9,12034.5,7698.99,336.64,0.854,0.974,100.01,102.64,True
20260710_106_AbuAus15 AbuAus15_Kocarkova.czi,260709_Pollen-Production,AbuAus,0.9536,9941.6,12042.4,7758.64,337.28,0.857,0.919,99.13,107.9,True
20260710_106_AbuAus15 AbuAus15_Kocarkova.czi,260709_Pollen-Production,AbuAus,0.9534,7323.7,8479.5,8352.75,342.42,0.895,1.026,105.27,102.64,True
20260710_106_AbuAus15 AbuAus15_Kocarkova.czi,260709_Pollen-Production,AbuAus,0.9533,6490.0,11043.3,8287.72,341.78,0.892,1.009,103.51,102.64,True
20260710_106_AbuAus15 AbuAus15_Kocarkova.czi,260709_Pollen-Production,AbuAus,0.9531,8002.2,13084.9,7787.5,334.33,0.875,0.983,99.13,100.88,True
20260710_106_AbuAus15 AbuAus15_Kocarkova.czi,260709_Pollen-Production,AbuAus,0.9524,8520.5,11570.0,4247.55,244.61,0.892,0.966,73.69,76.32,True
20260710_106_AbuAus15 AbuAus15_Kocarkova.czi,260709_Pollen-Production,AbuAus,0.9522,7273.2,9504.7,9153.08,360.09,0.887,1.024,111.41,108.78,True
20260710_106_AbuAus15 AbuAus15_Kocarkova.czi,260709_Pollen-Production,AbuAus,0.9519,8890.6,13512.6,7986.8,337.37,0.882,0.991,101.76,102.64,True
20260710_106_AbuAus15 AbuAus15_Kocarkova.czi,260709_Pollen-Production,AbuAus,0.9519,7649.2,10507.7,7391.95,321.75,0.897,0.982,95.62,97.37,True
20260710_106_AbuAus15 AbuAus15_Kocarkova.czi,260709_Pollen-Production,AbuAus,0.9517,10789.9,13827.2,7359.63,329.02,0.854,0.933,97.37,104.39,True
20260710_106_AbuAus15 AbuAus15_Kocarkova.czi,260709_Pollen-Production,AbuAus,0.9508,6886.3,11025.8,7400.8,324.75,0.882,1.0,99.13,99.13,True
20260710_106_AbuAus15 AbuAus15_Kocarkova.czi,260709_Pollen-Production,AbuAus,0.9507,6427.8,12910.5,8008.74,393.0,0.652,1.009,102.64,101.76,True
20260710_106_AbuAus15 AbuAus15_Kocarkova.czi,260709_Pollen-Production,AbuAus,0.9503,12222.9,11611.7,8295.01,392.09,0.678,1.033,108.78,105.27,True
20260710_106_AbuAus15 AbuAus15_Kocarkova.czi,260709_Pollen-Production,AbuAus,0.9497,7326.3,11796.1,8874.48,353.37,0.893,1.0,107.02,107.02,True
20260710_106_AbuAus15 AbuAus15_Kocarkova.czi,260709_Pollen-Production,AbuAus,0.9497,8196.6,11671.1,7258.42,326.2,0.857,0.932,95.62,102.64,True
20260710_106_AbuAus15 AbuAus15_Kocarkova.czi,260709_Pollen-Production,AbuAus,0.9492,11397.3,7429.3,10102.69,400.99,0.79,1.03,119.3,115.8,True
20260710_106_AbuAus15 AbuAus15_Kocarkova.czi,260709_Pollen-Production,AbuAus,0.9491,9713.2,12450.7,6471.2,304.72,0.876,1.0,93.86,93.86,True
20260710_106_AbuAus15 AbuAus15_Kocarkova.czi,260709_Pollen-Production,AbuAus,0.9485,7107.6,11292.5,7295.74,320.0,0.895,0.956,94.74,99.13,True
20260710_106_AbuAus15 AbuAus15_Kocarkova.czi,260709_Pollen-Production,AbuAus,0.9474,6436.0,9572.9,8479.71,360.26,0.821,0.951,102.64,107.9,True
20260710_106_AbuAus15 AbuAus15_Kocarkova.czi,260709_Pollen-Production,AbuAus,0.947,13266.4,9108.4,9065.73,362.48,0.867,0.91,106.15,116.67,True
20260710_106_AbuAus15 AbuAus15_Kocarkova.czi,260709_Pollen-Production,AbuAus,0.9464,11662.8,11866.0,3656.15,229.38,0.873,1.053,69.3,65.79,True
20260710_106_AbuAus15 AbuAus15_Kocarkova.czi,260709_Pollen-Production,AbuAus,0.9462,9632.1,10838.0,3249.05,223.09,0.82,1.013,66.67,65.79,True
20260710_106_AbuAus15 AbuAus15_Kocarkova.czi,260709_Pollen-Production,AbuAus,0.9444,14247.8,11213.5,3801.58,232.89,0.881,0.987,67.55,68.42,True
20260710_106_AbuAus15 AbuAus15_Kocarkova.czi,260709_Pollen-Production,AbuAus,0.9422,13038.2,11560.1,10712.18,392.27,0.875,0.985,114.92,116.67,True
20260710_106_AbuAus15 AbuAus15_Kocarkova.czi,260709_Pollen-Production,AbuAus,0.9419,10403.3,9895.7,7223.43,336.64,0.801,1.083,103.51,95.62,True
