Join_Code,Detections,Original_File,Species,kod kytky + datum,barvivo [μl],na sklíčko [μ],pozn,množství pylu,Cleaned_Code,Collection_Date
Ran_Ado_22/6_5,247,20251031_067_pol_pro_Ran_ado_2025_5_Colorado2025_details.csv,Ran_ado,Ran_Ado_22/6_5,40.0,5,,,Ran_Ado_22/6_5,2025-06-22
Ran_Ado_22/6_7,32,20251031_069_pol_pro_Ran_ado_2025_7_Colorado2025_details.csv,Ran_ado,Ran_Ado_22/6_7,40.0,5,bp,,Ran_Ado_22/6_7,2025-06-22
Ran_Ado_22/6_1,1805,20251031_063_pol_pro_Ran_ado_2025_1_Colorado2025_details.csv,Ran_ado,Ran_Ado_22/6_1,40.0,5,,,Ran_Ado_22/6_1,2025-06-22
Ran_Ado_22/6_3,15335,20251031_065_pol_pro_Ran_ado_2025_3_Colorado2025_details.csv,Ran_ado,Ran_Ado_22/6_3,40.0,5,,,Ran_Ado_22/6_3,2025-06-22
Ran_Ado_22/6_2,195,20251031_064_pol_pro_Ran_ado_2025_2_Colorado2025_details.csv,Ran_ado,Ran_Ado_22/6_2,40.0,5,bp,,Ran_Ado_22/6_2,2025-06-22
Ran_Ado_22/6_6,2582,20251031_068_pol_pro_Ran_ado_2025_6_Colorado2025_details.csv,Ran_ado,Ran_Ado_22/6_6,40.0,5,bp,,Ran_Ado_22/6_6,2025-06-22
cal_chi_23_6_3,4,20260226_202_Cal_Chi_23_6_3_Colorado2025-greenBox_details.csv,Cal_chi,Cal_Chi_23/6_3,30.0,5,bp,,Cal_Chi_23/6_3,2025-06-23
cal_chi_23_6_2,242,20260226_201_Cal_Chi_23_6_2_Colorado2025-greenBox_details.csv,Cal_chi,Cal_Chi_23/6_2,30.0,5,,,Cal_Chi_23/6_2,2025-06-23
Ran_Ado_24/6_4,3202,20251031_072_pol_pro_Ran_ado_2025_10_Colorado2025_details.csv,Ran_ado,Ran_Ado_24/6_4,40.0,5,bp,,Ran_Ado_24/6_4,2025-06-24
Ran_Ado_24/6_5,679,20251031_073_pol_pro_Ran_ado_2025_11_Colorado2025_details.csv,Ran_ado,Ran_Ado_24/6_5,40.0,5,bp,,Ran_Ado_24/6_5,2025-06-24
Ran_Ado_24/6_3,164,20251031_071_pol_pro_Ran_ado_2025_9_Colorado2025_details.csv,Ran_ado,Ran_Ado_24/6_3,40.0,5,bp,,Ran_Ado_24/6_3,2025-06-24
Ran_Ado_24/6_6,4503,20251031_074_pol_pro_Ran_ado_2025_12_Colorado2025_details.csv,Ran_ado,Ran_Ado_24/6_6,40.0,5,bp.,,Ran_Ado_24/6_6,2025-06-24
Ran_Ado_24/6_2,4613,20251031_070_pol_pro_Ran_ado_2025_8_Colorado2025_details.csv,Ran_ado,Ran_Ado_24/6_2,40.0,5,mp,,Ran_Ado_24/6_2,2025-06-24
cal_chi_25_6_5,39,20260224_046_Cal_Chi_25_6_5_Colorado2025-greenBox_details.csv,Cal_chi,Cal_Chi_25/6_5,30.0,5,mp,,Cal_Chi_25/6_5,2025-06-25
cal_chi_25_6_4,3,20260224_045_Cal_Chi_25_6_4_Colorado2025-greenBox_details.csv,Cal_chi,Cal_Chi_25/6_4,30.0,5,bp,,Cal_Chi_25/6_4,2025-06-25
cal_chi_25_6_3,12,20260224_044_Cal_Chi_25_6_3_Colorado2025-greenBox_details.csv,Cal_chi,Cal_Chi_25/6_3,30.0,5,bp,,Cal_Chi_25/6_3,2025-06-25
Ran_Ado_26/6_2,59,20251031_076_pol_pro_Ran_ado_2025_14_Colorado2025_details.csv,Ran_ado,Ran_Ado_26/6_2,40.0,10,mp,,Ran_Ado_26/6_2,2025-06-26
Ran_Ado_26/6_4,1332,20251031_078_pol_pro_Ran_ado_2025_16_Colorado2025_details.csv,Ran_ado,Ran_Ado_26/6_4,40.0,10,mp,,Ran_Ado_26/6_4,2025-06-26
Ran_Ado_26/6_5,3238,20251031_079_pol_pro_Ran_ado_2025_17_Colorado2025_details.csv,Ran_ado,Ran_Ado_26/6_5,40.0,5,bp,,Ran_Ado_26/6_5,2025-06-26
Ran_Ado_26/6_1,2,20251031_075_pol_pro_Ran_ado_2025_13_Colorado2025_details.csv,Ran_ado,Ran_Ado_26/6_1,40.0,10,bez pylu,,Ran_Ado_26/6_1,2025-06-26
Ran_Ado_26/6_3,1586,20251031_077_pol_pro_Ran_ado_2025_15_Colorado2025_details.csv,Ran_ado,Ran_Ado_26/6_3,40.0,10,mp,,Ran_Ado_26/6_3,2025-06-26
Ran_Ado_26/6_6,2,20251031_080_pol_pro_Ran_ado_2025_18_Colorado2025_details.csv,Ran_ado,Ran_Ado_26/6_6,40.0,5,bp,,Ran_Ado_26/6_6,2025-06-26
cal_chi_27_6_5,8,20260224_081_Cal_Chi_27_6_5_Colorado2025-greenBox_details.csv,Cal_chi,Cal_Chi_27/6_5,30.0,5,bp,,Cal_Chi_27/6_5,2025-06-27
cal_chi_27_6_6,1,20260224_082_Cal_Chi_27_6_6_Colorado2025-greenBox_details.csv,Cal_chi,Cal_Chi_27/6_6,30.0,5,bp,,Cal_Chi_27/6_6,2025-06-27
Ran_Ado_28/6_3,4560,20251031_083_pol_pro_Ran_ado_2025_21_Colorado2025_details.csv,Ran_ado,Ran_Ado_28/6_3,40.0,5,,,Ran_Ado_28/6_3,2025-06-28
Ran_Ado_28/6_6,2013,20251031_086_pol_pro_Ran_ado_2025_24_Colorado2025_details.csv,Ran_ado,Ran_Ado_28/6_6,40.0,5,,,Ran_Ado_28/6_6,2025-06-28
Ran_Ado_28/6_4,18602,20251031_084_pol_pro_Ran_ado_2025_22_Colorado2025_details.csv,Ran_ado,Ran_Ado_28/6_4,40.0,5,,,Ran_Ado_28/6_4,2025-06-28
Ran_Ado_28/6_1,4491,20251031_081_pol_pro_Ran_ado_2025_19_Colorado2025_details.csv,Ran_ado,Ran_Ado_28/6_1,40.0,10,bez pylu,,Ran_Ado_28/6_1,2025-06-28
Ran_Ado_28/6_5,2157,20251031_085_pol_pro_Ran_ado_2025_23_Colorado2025_details.csv,Ran_ado,Ran_Ado_28/6_5,40.0,5,,,Ran_Ado_28/6_5,2025-06-28
Ran_Ado_28/6_2,1421,20251031_082_pol_pro_Ran_ado_2025_20_Colorado2025_details.csv,Ran_ado,Ran_Ado_28/6_2,40.0,,na,,Ran_Ado_28/6_2,2025-06-28
cal_chi_29_6_5,930,20260224_035_Cal_Chi_29_6_5_Colorado2025-greenBox_details.csv,Cal_chi,Cal_Chi_29/6_5,30.0,5,,,Cal_Chi_29/6_5,2025-06-29
cal_chi_29_6_3,222,20260224_033_Cal_Chi_29_6_3_Colorado2025-greenBox_details.csv,Cal_chi,Cal_Chi_29/6_3,30.0,5,,,Cal_Chi_29/6_3,2025-06-29
cal_chi_29_6_1,1378,20260224_031_Cal_Chi_29_6_1_Colorado2025-greenBox_details.csv,Cal_chi,Cal_Chi_29/6_1,30.0,5,,,Cal_Chi_29/6_1,2025-06-29
cal_chi_29_6_2,1209,20260224_032_Cal_Chi_29_6_2_Colorado2025-greenBox_details.csv,Cal_chi,Cal_Chi_29/6_2,30.0,5,,,Cal_Chi_29/6_2,2025-06-29
cal_chi_29_6_4,3,20260224_034_Cal_Chi_29_6_4_Colorado2025-greenBox_details.csv,Cal_chi,Cal_Chi_29/6_4,30.0,5,bp,,Cal_Chi_29/6_4,2025-06-29
Ran_Ado_30/6_1,6689,20251031_087_pol_pro_Ran_ado_2025_25_Colorado2025_details.csv,Ran_ado,Ran_Ado_30/6_1,30.0,5,bp,,Ran_Ado_30/6_1,2025-06-30
Ran_Ado_30/6_2,2104,20251031_088_pol_pro_Ran_ado_2025_26_Colorado2025_details.csv,Ran_ado,Ran_Ado_30/6_2,30.0,5,,,Ran_Ado_30/6_2,2025-06-30
Ran_Ado_30/6_3,11711,20251031_089_pol_pro_Ran_ado_2025_27_Colorado2025_details.csv,Ran_ado,Ran_Ado_30/6_3,30.0,5,bp,,Ran_Ado_30/6_3,2025-06-30
cal_chi_1_7_1,267,20260224_047_Cal_Chi_1_7_1_Colorado2025-greenBox_details.csv,Cal_chi,Cal_Chi_1/7_1,30.0,5,,,Cal_Chi_1/7_1,2025-07-01
Ran_Ado_2/7_2,848,20251031_001_pol_pro_Ran_ado_2025_32_Colorado2025_details.csv,Ran_ado,Ran_Ado_2/7_2,30.0,5,bp,,Ran_Ado_2/7_2,2025-07-02
cal_chi_3_7_4,83,20260224_056_Cal_Chi_3_7_4_Colorado2025-greenBox_details.csv,Cal_chi,Cal_Chi_3/7_4,30.0,5,bp,,Cal_Chi_3/7_4,2025-07-03
cal_chi_3_7_2,56,20260224_054_Cal_Chi_3_7_2_Colorado2025-greenBox_details.csv,Cal_chi,Cal_Chi_3/7_2,30.0,5,bp,,Cal_Chi_3/7_2,2025-07-03
cal_chi_3_7_3,9,20260224_055_Cal_Chi_3_7_3_Colorado2025-greenBox_details.csv,Cal_chi,Cal_Chi_3/7_3,30.0,5,bp,,Cal_Chi_3/7_3,2025-07-03
cal_chi_3_7_1,2118,20260224_053_Cal_Chi_3_7_1_Colorado2025-greenBox_details.csv,Cal_chi,Cal_Chi_3/7_1,30.0,5,,,Cal_Chi_3/7_1,2025-07-03
cal_chi_5_7_5,54,20260224_099_Cal_Chi_5_7_5_Colorado2025-greenBox_details.csv,Cal_chi,Cal_Chi_5/7_5,30.0,5,mp,,Cal_Chi_5/7_5,2025-07-05
cal_chi_5_7_1,15,20260224_095_Cal_Chi_5_7_1_Colorado2025-greenBox_details.csv,Cal_chi,Cal_Chi_5/7_1,30.0,5,bp,,Cal_Chi_5/7_1,2025-07-05
cal_chi_5_7_2,444,20260224_096_Cal_Chi_5_7_2_Colorado2025-greenBox_details.csv,Cal_chi,Cal_Chi_5/7_2,30.0,5,,,Cal_Chi_5/7_2,2025-07-05
cal_chi_5_7_6,209,20260224_100_Cal_Chi_5_7_6_Colorado2025-greenBox_details.csv,Cal_chi,Cal_Chi_5/7_6,30.0,5,,,Cal_Chi_5/7_6,2025-07-05
cal_chi_7_7_4,24,20260224_039_Cal_Chi_7_7_4_Colorado2025-greenBox_details.csv,Cal_chi,Cal_Chi_7/7_4,30.0,5,bp,,Cal_Chi_7/7_4,2025-07-07
cal_chi_7_7_5,21,20260224_040_Cal_Chi_7_7_5_Colorado2025-greenBox_details.csv,Cal_chi,Cal_Chi_7/7_5,30.0,5,bp,,Cal_Chi_7/7_5,2025-07-07
cal_chi_7_7_2,1,20260224_037_Cal_Chi_7_7_2_Colorado2025-greenBox_details.csv,Cal_chi,Cal_Chi_7/7_2,30.0,5,bp,,Cal_Chi_7/7_2,2025-07-07
cal_chi_7_7_3,7,20260224_038_Cal_Chi_7_7_3_Colorado2025-greenBox_details.csv,Cal_chi,Cal_Chi_7/7_3,30.0,5,bp,,Cal_Chi_7/7_3,2025-07-07
cal_chi_11_7_6,17,20260224_064_Cal_Chi_11_7_6_Colorado2025-greenBox_details.csv,Cal_chi,Cal_Chi_11/7_6,30.0,5,bp,,Cal_Chi_11/7_6,2025-07-11
cal_chi_11_7_3,10,20260224_061_Cal_Chi_11_7_3_Colorado2025-greenBox_details.csv,Cal_chi,Cal_Chi_11/7_3,30.0,5,bp,,Cal_Chi_11/7_3,2025-07-11
cal_chi_11_7_4,18,20260224_062_Cal_Chi_11_7_4_Colorado2025-greenBox_details.csv,Cal_chi,Cal_Chi_11/7_4,30.0,5,bp,,Cal_Chi_11/7_4,2025-07-11
cal_chi_13_7_3,25,20260224_091_Cal_Chi_13_7_3_Colorado2025-greenBox_details.csv,Cal_chi,Cal_Chi_13/7_3,30.0,5,bp,,Cal_Chi_13/7_3,2025-07-13
cal_chi_13_7_4,3,20260224_092_Cal_Chi_13_7_4_Colorado2025-greenBox_details.csv,Cal_chi,Cal_Chi_13/7_4,30.0,5,bp,,Cal_Chi_13/7_4,2025-07-13
cal_chi_17_7_4,3,20260224_086_Cal_Chi_17_7_4_Colorado2025-greenBox_details.csv,Cal_chi,Cal_Chi_17/7_4,30.0,5,bp,,Cal_Chi_17/7_4,2025-07-17
gen_alg_22_7_3,15019,20260226_207_Gen_Alg_22_7_3_Colorado2025-greenBox_details.csv,Gen_alg,Gen_Alg_22/7_3,40.0,5,,,Gen_Alg_22/7_3,2025-07-22
gen_alg_22_7_4,16311,20260226_208_Gen_Alg_22_7_4_Colorado2025-greenBox_details.csv,Gen_alg,Gen_Alg_22/7_4,40.0,5,,,Gen_Alg_22/7_4,2025-07-22
gen_alg_22_7_1,23092,20260226_236_Gen_Alg_22_7_1_Colorado2025-greenBox_details.csv,Gen_alg,Gen_Alg_22/7_1,40.0,5,,,Gen_Alg_22/7_1,2025-07-22
gen_alg_22_7_2,7872,20260226_206_Gen_Alg_22_7_2_Colorado2025-greenBox_details.csv,Gen_alg,Gen_Alg_22/7_2,40.0,5,,,Gen_Alg_22/7_2,2025-07-22
gen_alg_25_7_5,23356,20260226_213_Gen_Alg_25_7_5_Colorado2025-greenBox_details.csv,Gen_alg,Gen_Alg_25/7_5,40.0,5,,,Gen_Alg_25/7_5,2025-07-25
gen_alg_25_7_3,16194,20260226_211_Gen_Alg_25_7_3_Colorado2025-greenBox_details.csv,Gen_alg,Gen_Alg_25/7_3,40.0,5,,,Gen_Alg_25/7_3,2025-07-25
gen_alg_25_7_2,24714,20260226_210_Gen_Alg_25_7_2_Colorado2025-greenBox_details.csv,Gen_alg,Gen_Alg_25/7_2,40.0,5,,,Gen_Alg_25/7_2,2025-07-25
gen_alg_25_7_4,21913,20260226_212_Gen_Alg_25_7_4_Colorado2025-greenBox_details.csv,Gen_alg,Gen_Alg_25/7_4,40.0,5,,,Gen_Alg_25/7_4,2025-07-25
gen_alg_25_7_6,32787,20260226_214_Gen_Alg_25_7_6_Colorado2025-greenBox_details.csv,Gen_alg,Gen_Alg_25/7_6,40.0,5,,,Gen_Alg_25/7_6,2025-07-25
gen_alg_25_7_9,9641,20260226_217_Gen_Alg_25_7_9_Colorado2025-greenBox_details.csv,Gen_alg,Gen_Alg_25/7_9,40.0,5,,,Gen_Alg_25/7_9,2025-07-25
gen_alg_25_7_7,12944,20260226_215_Gen_Alg_25_7_7_Colorado2025-greenBox_details.csv,Gen_alg,Gen_Alg_25/7_7,40.0,5,,,Gen_Alg_25/7_7,2025-07-25
gen_alg_25_7_1,10832,20260226_209_Gen_Alg_25_7_1_Colorado2025-greenBox_details.csv,Gen_alg,Gen_Alg_25/7_1,40.0,5,,,Gen_Alg_25/7_1,2025-07-25
gen_alg_25_7_8,24673,20260226_216_Gen_Alg_25_7_8_Colorado2025-greenBox_details.csv,Gen_alg,Gen_Alg_25/7_8,40.0,5,,,Gen_Alg_25/7_8,2025-07-25
gen_alg_27_7_7,42412,20260226_224_Gen_Alg_27_7_7_Colorado2025-greenBox_details.csv,Gen_alg,Gen_Alg_27/7_7,40.0,10,,,Gen_Alg_27/7_7,2025-07-27
gen_alg_27_7_8,7264,20260226_225_Gen_Alg_27_7_8_Colorado2025-greenBox_details.csv,Gen_alg,Gen_Alg_27/7_8,40.0,10,,,Gen_Alg_27/7_8,2025-07-27
gen_alg_27_7_6,21105,20260226_223_Gen_Alg_27_7_6_Colorado2025-greenBox_details.csv,Gen_alg,Gen_Alg_27/7_6,40.0,10,,,Gen_Alg_27/7_6,2025-07-27
gen_alg_27_7_1,53,20260226_218_Gen_Alg_27_7_1_Colorado2025-greenBox_details.csv,Gen_alg,Gen_Alg_27/7_1,40.0,10,mp,,Gen_Alg_27/7_1,2025-07-27
gen_alg_27_7_2,10964,20260226_219_Gen_Alg_27_7_2_Colorado2025-greenBox_details.csv,Gen_alg,Gen_Alg_27/7_2,40.0,10,,,Gen_Alg_27/7_2,2025-07-27
gen_alg_27_7_9,5418,20260226_226_Gen_Alg_27_7_9_Colorado2025-greenBox_details.csv,Gen_alg,Gen_Alg_27/7_9,40.0,10,,,Gen_Alg_27/7_9,2025-07-27
gen_alg_27_7_3,31178,20260226_220_Gen_Alg_27_7_3_Colorado2025-greenBox_details.csv,Gen_alg,Gen_Alg_27/7_3,40.0,10,,,Gen_Alg_27/7_3,2025-07-27
gen_alg_27_7_5,42029,20260226_222_Gen_Alg_27_7_5_Colorado2025-greenBox_details.csv,Gen_alg,Gen_Alg_27/7_5,40.0,10,,,Gen_Alg_27/7_5,2025-07-27
gen_alg_27_7_4,238,20260226_221_Gen_Alg_27_7_4_Colorado2025-greenBox_details.csv,Gen_alg,Gen_Alg_27/7_4,40.0,10,mp,,Gen_Alg_27/7_4,2025-07-27
gen_alg_29_7_8,25229,20260226_234_Gen_Alg_29_7_8_Colorado2025-greenBox_details.csv,Gen_alg,Gen_Alg_29/7_8,40.0,2026-05-05 00:00:00,,,Gen_Alg_29/7_8,2025-07-29
gen_alg_29_7_7,2262,20260226_233_Gen_Alg_29_7_7_Colorado2025-greenBox_details.csv,Gen_alg,Gen_Alg_29/7_7,40.0,2026-05-05 00:00:00,,,Gen_Alg_29/7_7,2025-07-29
gen_alg_29_7_9,17320,20260226_235_Gen_Alg_29_7_9_Colorado2025-greenBox_details.csv,Gen_alg,Gen_Alg_29/7_9,40.0,2026-05-05 00:00:00,,,Gen_Alg_29/7_9,2025-07-29
gen_alg_29_7_4,11000,20260226_230_Gen_Alg_29_7_4_Colorado2025-greenBox_details.csv,Gen_alg,Gen_Alg_29/7_4,40.0,2026-05-05 00:00:00,,,Gen_Alg_29/7_4,2025-07-29
gen_alg_29_7_3,25157,20260226_229_Gen_Alg_29_7_3_Colorado2025-greenBox_details.csv,Gen_alg,Gen_Alg_29/7_3,40.0,2026-05-05 00:00:00,,,Gen_Alg_29/7_3,2025-07-29
gen_alg_29_7_1,30570,20260226_227_Gen_Alg_29_7_1_Colorado2025-greenBox_details.csv,Gen_alg,Gen_Alg_29/7_1,40.0,5,,,Gen_Alg_29/7_1,2025-07-29
gen_alg_29_7_5,22053,20260226_231_Gen_Alg_29_7_5_Colorado2025-greenBox_details.csv,Gen_alg,Gen_Alg_29/7_5,40.0,2026-05-05 00:00:00,,,Gen_Alg_29/7_5,2025-07-29
gen_alg_29_7_2,485,20260226_228_Gen_Alg_29_7_2_Colorado2025-greenBox_details.csv,Gen_alg,Gen_Alg_29/7_2,40.0,2026-05-05 00:00:00,,,Gen_Alg_29/7_2,2025-07-29
gen_alg_29_7_6,21386,20260226_232_Gen_Alg_29_7_6_Colorado2025-greenBox_details.csv,Gen_alg,Gen_Alg_29/7_6,40.0,2026-05-05 00:00:00,,,Gen_Alg_29/7_6,2025-07-29
gen_alg_31_7_5,27186,20260226_241_Gen_Alg_31_7_5_Colorado2025-greenBox_details.csv,Gen_alg,Gen_Alg_31/7_5,40.0,2026-05-05 00:00:00,,,Gen_Alg_31/7_5,2025-07-31
gen_alg_31_7_6,32276,20260226_242_Gen_Alg_31_7_6_Colorado2025-greenBox_details.csv,Gen_alg,Gen_Alg_31/7_6,40.0,2026-05-05 00:00:00,,,Gen_Alg_31/7_6,2025-07-31
gen_alg_31_7_4,13609,20260226_240_Gen_Alg_31_7_4_Colorado2025-greenBox_details.csv,Gen_alg,Gen_Alg_31/7_4,40.0,2026-05-05 00:00:00,,,Gen_Alg_31/7_4,2025-07-31
gen_alg_31_7_3,205,20260226_239_Gen_Alg_31_7_3_Colorado2025-greenBox_details.csv,Gen_alg,Gen_Alg_31/7_3,40.0,2026-05-05 00:00:00,,,Gen_Alg_31/7_3,2025-07-31
gen_alg_31_7_7,22632,20260226_243_Gen_Alg_31_7_7_Colorado2025-greenBox_details.csv,Gen_alg,Gen_Alg_31/7_7,40.0,2026-05-05 00:00:00,,,Gen_Alg_31/7_7,2025-07-31
gen_alg_31_7_2,30315,20260226_238_Gen_Alg_31_7_2_Colorado2025-greenBox_details.csv,Gen_alg,Gen_Alg_31/7_2,40.0,2026-05-05 00:00:00,,,Gen_Alg_31/7_2,2025-07-31
gen_alg_31_7_1,702,20260226_237_Gen_Alg_31_7_1_Colorado2025-greenBox_details.csv,Gen_alg,Gen_Alg_31/7_1,40.0,2026-05-05 00:00:00,,,Gen_Alg_31/7_1,2025-07-31
gen_alg_31_7_8,34998,20260226_244_Gen_Alg_31_7_8_Colorado2025-greenBox_details.csv,Gen_alg,Gen_Alg_31/7_8,40.0,2026-05-05 00:00:00,,,Gen_Alg_31/7_8,2025-07-31
gen_alg_31_7_9,28985,20260226_245_Gen_Alg_31_7_9_Colorado2025-greenBox_details.csv,Gen_alg,Gen_Alg_31/7_9,40.0,2026-05-05 00:00:00,,,Gen_Alg_31/7_9,2025-07-31
gen_alg_2_8_3,18859,20260226_257_Gen_Alg_2_8_3_Colorado2025-greenBox_details.csv,Gen_alg,Gen_Alg_2/8_3,40.0,2026-05-05 00:00:00,,,Gen_Alg_2/8_3,2025-08-02
gen_alg_2_8_1,22975,20260226_255_Gen_Alg_2_8_1_Colorado2025-greenBox_details.csv,Gen_alg,Gen_Alg_2/8_1,40.0,2026-05-05 00:00:00,,,Gen_Alg_2/8_1,2025-08-02
gen_alg_2_8_2,30129,20260226_256_Gen_Alg_2_8_2_Colorado2025-greenBox_details.csv,Gen_alg,Gen_Alg_2/8_2,40.0,2026-05-05 00:00:00,,,Gen_Alg_2/8_2,2025-08-02
gen_alg_2_8_8,32664,20260226_262_Gen_Alg_2_8_8_Colorado2025-greenBox_details.csv,Gen_alg,Gen_Alg_2/8_8,40.0,2026-05-05 00:00:00,,,Gen_Alg_2/8_8,2025-08-02
gen_alg_2_8_4,12469,20260226_258_Gen_Alg_2_8_4_Colorado2025-greenBox_details.csv,Gen_alg,Gen_Alg_2/8_4,40.0,2026-05-05 00:00:00,,,Gen_Alg_2/8_4,2025-08-02
gen_alg_2_8_6,20728,20260226_260_Gen_Alg_2_8_6_Colorado2025-greenBox_details.csv,Gen_alg,Gen_Alg_2/8_6,40.0,2026-05-05 00:00:00,,,Gen_Alg_2/8_6,2025-08-02
gen_alg_2_8_7,9574,20260226_261_Gen_Alg_2_8_7_Colorado2025-greenBox_details.csv,Gen_alg,Gen_Alg_2/8_7,40.0,2026-05-05 00:00:00,,,Gen_Alg_2/8_7,2025-08-02
gen_alg_2_8_9,38531,20260226_263_Gen_Alg_2_8_9_Colorado2025-greenBox_details.csv,Gen_alg,Gen_Alg_2/8_9,40.0,2026-05-05 00:00:00,,,Gen_Alg_2/8_9,2025-08-02
gen_alg_2_8_5,44919,20260226_259_Gen_Alg_2_8_5_Colorado2025-greenBox_details.csv,Gen_alg,Gen_Alg_2/8_5,40.0,2026-05-05 00:00:00,,,Gen_Alg_2/8_5,2025-08-02
gen_alg_4_8_9,27067,20260226_254_Gen_Alg_4_8_9_Colorado2025-greenBox_details.csv,Gen_alg,Gen_Alg_4/8_9,40.0,2026-05-05 00:00:00,,,Gen_Alg_4/8_9,2025-08-04
gen_alg_4_8_3,23793,20260226_248_Gen_Alg_4_8_3_Colorado2025-greenBox_details.csv,Gen_alg,Gen_Alg_4/8_3,40.0,2026-05-05 00:00:00,,,Gen_Alg_4/8_3,2025-08-04
gen_alg_4_8_8,27601,20260226_253_Gen_Alg_4_8_8_Colorado2025-greenBox_details.csv,Gen_alg,Gen_Alg_4/8_8,40.0,2026-05-05 00:00:00,,,Gen_Alg_4/8_8,2025-08-04
gen_alg_4_8_1,4744,20260226_246_Gen_Alg_4_8_1_Colorado2025-greenBox_details.csv,Gen_alg,Gen_Alg_4/8_1,40.0,2026-05-05 00:00:00,,,Gen_Alg_4/8_1,2025-08-04
gen_alg_4_8_6,18116,20260226_251_Gen_Alg_4_8_6_Colorado2025-greenBox_details.csv,Gen_alg,Gen_Alg_4/8_6,40.0,2026-05-05 00:00:00,,,Gen_Alg_4/8_6,2025-08-04
gen_alg_4_8_7,13888,20260226_252_Gen_Alg_4_8_7_Colorado2025-greenBox_details.csv,Gen_alg,Gen_Alg_4/8_7,40.0,2026-05-05 00:00:00,,,Gen_Alg_4/8_7,2025-08-04
gen_alg_4_8_2,17628,20260226_247_Gen_Alg_4_8_2_Colorado2025-greenBox_details.csv,Gen_alg,Gen_Alg_4/8_2,40.0,2026-05-05 00:00:00,,,Gen_Alg_4/8_2,2025-08-04
gen_alg_4_8_4,5303,20260226_249_Gen_Alg_4_8_4_Colorado2025-greenBox_details.csv,Gen_alg,Gen_Alg_4/8_4,40.0,2026-05-05 00:00:00,,,Gen_Alg_4/8_4,2025-08-04
gen_alg_6_8_1,16716,20260226_264_Gen_Alg_6_8_1_Colorado2025-greenBox_details.csv,Gen_alg,Gen_Alg_6/8_1,40.0,2026-05-05 00:00:00,,,Gen_Alg_6/8_1,2025-08-06
gen_alg_6_8_5,10814,20260226_268_Gen_Alg_6_8_5_Colorado2025-greenBox_details.csv,Gen_alg,Gen_Alg_6/8_5,40.0,2026-05-05 00:00:00,,,Gen_Alg_6/8_5,2025-08-06
gen_alg_6_8_3,20161,20260226_266_Gen_Alg_6_8_3_Colorado2025-greenBox_details.csv,Gen_alg,Gen_Alg_6/8_3,40.0,2026-05-05 00:00:00,,,Gen_Alg_6/8_3,2025-08-06
gen_alg_6_8_6,16632,20260226_269_Gen_Alg_6_8_6_Colorado2025-greenBox_details.csv,Gen_alg,Gen_Alg_6/8_6,40.0,2026-05-05 00:00:00,,,Gen_Alg_6/8_6,2025-08-06
gen_alg_6_8_4,19422,20260226_267_Gen_Alg_6_8_4_Colorado2025-greenBox_details.csv,Gen_alg,Gen_Alg_6/8_4,40.0,2026-05-05 00:00:00,,,Gen_Alg_6/8_4,2025-08-06
gen_alg_6_8_2,16952,20260226_265_Gen_Alg_6_8_2_Colorado2025-greenBox_details.csv,Gen_alg,Gen_Alg_6/8_2,40.0,2026-05-05 00:00:00,,,Gen_Alg_6/8_2,2025-08-06
gen_alg_8_8_2,14441,20260226_271_Gen_Alg_8_8_2_Colorado2025-greenBox_details.csv,Gen_alg,Gen_Alg_8/8_2,40.0,2026-05-05 00:00:00,,,Gen_Alg_8/8_2,2025-08-08
gen_alg_8_8_4,22021,20260226_273_Gen_Alg_8_8_4_Colorado2025-greenBox_details.csv,Gen_alg,Gen_Alg_8/8_4,40.0,2026-05-05 00:00:00,,,Gen_Alg_8/8_4,2025-08-08
gen_alg_8_8_1,39689,20260226_270_Gen_Alg_8_8_1_Colorado2025-greenBox_details.csv,Gen_alg,Gen_Alg_8/8_1,40.0,2026-05-05 00:00:00,,,Gen_Alg_8/8_1,2025-08-08
gen_alg_8_8_9,38427,20260226_277_Gen_Alg_8_8_9_Colorado2025-greenBox_details.csv,Gen_alg,Gen_Alg_8/8_9,40.0,2026-05-05 00:00:00,,,Gen_Alg_8/8_9,2025-08-08
gen_alg_8_8_7,23574,20260226_276_Gen_Alg_8_8_7_Colorado2025-greenBox_details.csv,Gen_alg,Gen_Alg_8/8_7,40.0,2026-05-05 00:00:00,,,Gen_Alg_8/8_7,2025-08-08
gen_alg_8_8_6,28493,20260226_275_Gen_Alg_8_8_6_Colorado2025-greenBox_details.csv,Gen_alg,Gen_Alg_8/8_6,40.0,2026-05-05 00:00:00,,,Gen_Alg_8/8_6,2025-08-08
gen_alg_8_8_5,26746,20260226_274_Gen_Alg_8_8_5_Colorado2025-greenBox_details.csv,Gen_alg,Gen_Alg_8/8_5,40.0,2026-05-05 00:00:00,,,Gen_Alg_8/8_5,2025-08-08
gen_alg_8_8_3,23203,20260226_272_Gen_Alg_8_8_3_Colorado2025-greenBox_details.csv,Gen_alg,Gen_Alg_8/8_3,40.0,2026-05-05 00:00:00,,,Gen_Alg_8/8_3,2025-08-08
gen_alg_10_8_2,5231,20260226_279_Gen_Alg_10_8_2_Colorado2025-greenBox_details.csv,Gen_alg,Gen_Alg_10/8_2,40.0,2026-05-05 00:00:00,,,Gen_Alg_10/8_2,2025-08-10
gen_alg_10_8_8,21854,20260226_283_Gen_Alg_10_8_8_Colorado2025-greenBox_details.csv,Gen_alg,Gen_Alg_10/8_8,40.0,2026-05-05 00:00:00,,,Gen_Alg_10/8_8,2025-08-10
gen_alg_10_8_9,35421,20260226_284_Gen_Alg_10_8_9_Colorado2025-greenBox_details.csv,Gen_alg,Gen_Alg_10/8_9,40.0,2026-05-05 00:00:00,,,Gen_Alg_10/8_9,2025-08-10
gen_alg_10_8_7,28892,20260226_282_Gen_Alg_10_8_7_Colorado2025-greenBox_details.csv,Gen_alg,Gen_Alg_10/8_7,40.0,2026-05-05 00:00:00,,,Gen_Alg_10/8_7,2025-08-10
gen_alg_10_8_3,32861,20260226_280_Gen_Alg_10_8_3_Colorado2025-greenBox_details.csv,Gen_alg,Gen_Alg_10/8_3,40.0,2026-05-05 00:00:00,,,Gen_Alg_10/8_3,2025-08-10
gen_alg_10_8_1,16180,20260226_278_Gen_Alg_10_8_1_Colorado2025-greenBox_details.csv,Gen_alg,Gen_Alg_10/8_1,40.0,2026-05-05 00:00:00,,,Gen_Alg_10/8_1,2025-08-10
gen_alg_10_8_5,17293,20260226_281_Gen_Alg_10_8_5_Colorado2025-greenBox_details.csv,Gen_alg,Gen_Alg_10/8_5,40.0,2026-05-05 00:00:00,,,Gen_Alg_10/8_5,2025-08-10
gen_alg_12_8_6,28086,20260226_290_Gen_Alg_12_8_6_Colorado2025-greenBox_details.csv,Gen_alg,Gen_Alg_12/8_6,40.0,,,,Gen_Alg_12/8_6,2025-08-12
gen_alg_12_8_9,14160,20260226_292_Gen_Alg_12_8_9_Colorado2025-greenBox_details.csv,Gen_alg,Gen_Alg_12/8_9,40.0,,,,Gen_Alg_12/8_9,2025-08-12
gen_alg_12_8_1,22710,20260226_285_Gen_Alg_12_8_1_Colorado2025-greenBox_details.csv,Gen_alg,Gen_Alg_12/8_1,40.0,,,,Gen_Alg_12/8_1,2025-08-12
gen_alg_12_8_3,14352,20260226_287_Gen_Alg_12_8_3_Colorado2025-greenBox_details.csv,Gen_alg,Gen_Alg_12/8_3,40.0,,,,Gen_Alg_12/8_3,2025-08-12
gen_alg_12_8_4,44,20260226_288_Gen_Alg_12_8_4_Colorado2025-greenBox_details.csv,Gen_alg,Gen_Alg_12/8_4,40.0,,,,Gen_Alg_12/8_4,2025-08-12
gen_alg_12_8_7,19218,20260226_291_Gen_Alg_12_8_7_Colorado2025-greenBox_details.csv,Gen_alg,Gen_Alg_12/8_7,40.0,,,,Gen_Alg_12/8_7,2025-08-12
gen_alg_12_8_2,36027,20260226_286_Gen_Alg_12_8_2_Colorado2025-greenBox_details.csv,Gen_alg,Gen_Alg_12/8_2,40.0,,,,Gen_Alg_12/8_2,2025-08-12
gen_alg_12_8_5,18326,20260226_289_Gen_Alg_12_8_5_Colorado2025-greenBox_details.csv,Gen_alg,Gen_Alg_12/8_5,40.0,,,,Gen_Alg_12/8_5,2025-08-12
gen_alg_14_8_2,15778,20260226_294_Gen_Alg_14_8_2_Colorado2025-greenBox_details.csv,Gen_alg,Gen_Alg_14/8_2,40.0,,,,Gen_Alg_14/8_2,2025-08-14
gen_alg_14_8_6,41667,20260226_298_Gen_Alg_14_8_6_Colorado2025-greenBox_details.csv,Gen_alg,Gen_Alg_14/8_6,40.0,,,,Gen_Alg_14/8_6,2025-08-14
gen_alg_14_8_1,18650,20260226_293_Gen_Alg_14_8_1_Colorado2025-greenBox_details.csv,Gen_alg,Gen_Alg_14/8_1,40.0,,,,Gen_Alg_14/8_1,2025-08-14
gen_alg_14_8_3,14093,20260226_295_Gen_Alg_14_8_3_Colorado2025-greenBox_details.csv,Gen_alg,Gen_Alg_14/8_3,40.0,,,,Gen_Alg_14/8_3,2025-08-14
gen_alg_14_8_4,23537,20260226_296_Gen_Alg_14_8_4_Colorado2025-greenBox_details.csv,Gen_alg,Gen_Alg_14/8_4,40.0,,,,Gen_Alg_14/8_4,2025-08-14
gen_alg_14_8_8,29915,20260227_386_Gen_Alg_14_8_8_Colorado2025-greenBox_details.csv,Gen_alg,Gen_Alg_14/8_8,40.0,,,,Gen_Alg_14/8_8,2025-08-14
gen_alg_14_8_7,14858,20260226_299_Gen_Alg_14_8_7_Colorado2025-greenBox_details.csv,Gen_alg,Gen_Alg_14/8_7,40.0,,,,Gen_Alg_14/8_7,2025-08-14
gen_alg_14_8_9,30518,20260227_387_Gen_Alg_14_8_9_Colorado2025-greenBox_details.csv,Gen_alg,Gen_Alg_14/8_9,40.0,,na,,Gen_Alg_14/8_9,2025-08-14
gen_alg_16_8_1,25105,20260227_384_Gen_Alg_16_8_1_Colorado2025-greenBox_details.csv,Gen_alg,Gen_Alg_16/8_1,40.0,,,,Gen_Alg_16/8_1,2025-08-16
gen_alg_16_8_8,15881,20260227_379_Gen_Alg_16_8_8_Colorado2025-greenBox_details.csv,Gen_alg,Gen_Alg_16/8_8,40.0,,,,Gen_Alg_16/8_8,2025-08-16
gen_alg_16_8_3,16922,20260227_382_Gen_Alg_16_8_3_Colorado2025-greenBox_details.csv,Gen_alg,Gen_Alg_16/8_3,40.0,,,,Gen_Alg_16/8_3,2025-08-16
gen_alg_16_8_2,26223,20260227_385_Gen_Alg_16_8_2_Colorado2025-greenBox_details.csv,Gen_alg,Gen_Alg_16/8_2,40.0,,,,Gen_Alg_16/8_2,2025-08-16
gen_alg_16_8_5,18162,20260227_380_Gen_Alg_16_8_5_Colorado2025-greenBox_details.csv,Gen_alg,Gen_Alg_16/8_5,40.0,,,,Gen_Alg_16/8_5,2025-08-16
gen_alg_16_8_7,23746,20260227_378_Gen_Alg_16_8_7_Colorado2025-greenBox_details.csv,Gen_alg,Gen_Alg_16/8_7,40.0,,,,Gen_Alg_16/8_7,2025-08-16
gen_alg_16_8_4,34299,20260227_383_Gen_Alg_16_8_4_Colorado2025-greenBox_details.csv,Gen_alg,Gen_Alg_16/8_4,40.0,,,,Gen_Alg_16/8_4,2025-08-16
gen_alg_16_8_6,35553,20260227_381_Gen_Alg_16_8_6_Colorado2025-greenBox_details.csv,Gen_alg,Gen_Alg_16/8_6,40.0,,,,Gen_Alg_16/8_6,2025-08-16
gen_alg_18_8_1,18606,20260227_306_Gen_Alg_18_8_1_Colorado2025-greenBox_details.csv,Gen_alg,Gen_Alg_18/8_1,40.0,,,,Gen_Alg_18/8_1,2025-08-18
gen_alg_18_8_3,19336,20260227_308_Gen_Alg_18_8_3_Colorado2025-greenBox_details.csv,Gen_alg,Gen_Alg_18/8_3,40.0,,,,Gen_Alg_18/8_3,2025-08-18
gen_alg_18_8_4,29552,20260227_309_Gen_Alg_18_8_4_Colorado2025-greenBox_details.csv,Gen_alg,Gen_Alg_18/8_4,40.0,,,,Gen_Alg_18/8_4,2025-08-18
gen_alg_18_8_9,39293,20260227_314_Gen_Alg_18_8_9_Colorado2025-greenBox_details.csv,Gen_alg,Gen_Alg_18/8_9,40.0,,,,Gen_Alg_18/8_9,2025-08-18
gen_alg_18_8_8,24002,20260227_313_Gen_Alg_18_8_8_Colorado2025-greenBox_details.csv,Gen_alg,Gen_Alg_18/8_8,40.0,,,,Gen_Alg_18/8_8,2025-08-18
gen_alg_18_8_5,37990,20260227_310_Gen_Alg_18_8_5_Colorado2025-greenBox_details.csv,Gen_alg,Gen_Alg_18/8_5,40.0,,,,Gen_Alg_18/8_5,2025-08-18
gen_alg_18_8_7,44138,20260227_312_Gen_Alg_18_8_7_Colorado2025-greenBox_details.csv,Gen_alg,Gen_Alg_18/8_7,40.0,,,,Gen_Alg_18/8_7,2025-08-18
gen_alg_18_8_6,19011,20260227_311_Gen_Alg_18_8_6_Colorado2025-greenBox_details.csv,Gen_alg,Gen_Alg_18/8_6,40.0,,,,Gen_Alg_18/8_6,2025-08-18
gen_alg_18_8_2,22944,20260227_307_Gen_Alg_18_8_2_Colorado2025-greenBox_details.csv,Gen_alg,Gen_Alg_18/8_2,40.0,,,,Gen_Alg_18/8_2,2025-08-18
gen_alg_20_8_9,46221,20260227_322_Gen_Alg_20_8_9_Colorado2025-greenBox_details.csv,Gen_alg,Gen_Alg_20/8_9,40.0,,,,Gen_Alg_20/8_9,2025-08-20
gen_alg_20_8_3,7,20260227_317_Gen_Alg_20_8_3_Colorado2025-greenBox_details.csv,Gen_alg,Gen_Alg_20/8_3,40.0,,,,Gen_Alg_20/8_3,2025-08-20
gen_alg_20_8_2,42286,20260227_316_Gen_Alg_20_8_2_Colorado2025-greenBox_details.csv,Gen_alg,Gen_Alg_20/8_2,40.0,,,,Gen_Alg_20/8_2,2025-08-20
gen_alg_20_8_7,31508,20260227_321_Gen_Alg_20_8_7_Colorado2025-greenBox_details.csv,Gen_alg,Gen_Alg_20/8_7,40.0,,,,Gen_Alg_20/8_7,2025-08-20
gen_alg_20_8_6,16092,20260227_320_Gen_Alg_20_8_6_Colorado2025-greenBox_details.csv,Gen_alg,Gen_Alg_20/8_6,40.0,,,,Gen_Alg_20/8_6,2025-08-20
gen_alg_20_8_4,22733,20260227_318_Gen_Alg_20_8_4_Colorado2025-greenBox_details.csv,Gen_alg,Gen_Alg_20/8_4,40.0,,,,Gen_Alg_20/8_4,2025-08-20
gen_alg_20_8_1,25549,20260227_315_Gen_Alg_20_8_1_Colorado2025-greenBox_details.csv,Gen_alg,Gen_Alg_20/8_1,40.0,,,,Gen_Alg_20/8_1,2025-08-20
gen_alg_20_8_5,42172,20260227_319_Gen_Alg_20_8_5_Colorado2025-greenBox_details.csv,Gen_alg,Gen_Alg_20/8_5,40.0,,,,Gen_Alg_20/8_5,2025-08-20
gen_alg_22_8_7,12213,20260227_328_Gen_Alg_22_8_7_Colorado2025-greenBox_details.csv,Gen_alg,Gen_Alg_22/8_7,40.0,,,,Gen_Alg_22/8_7,2025-08-22
gen_alg_22_8_1,7494,20260227_323_Gen_Alg_22_8_1_Colorado2025-greenBox_details.csv,Gen_alg,Gen_Alg_22/8_1,40.0,,,,Gen_Alg_22/8_1,2025-08-22
gen_alg_22_8_6,30812,20260227_326_Gen_Alg_22_8_6_Colorado2025-greenBox_details.csv,Gen_alg,Gen_Alg_22/8_6,40.0,,,,Gen_Alg_22/8_6,2025-08-22
gen_alg_22_8_9,25849,20260227_330_Gen_Alg_22_8_9_Colorado2025-greenBox_details.csv,Gen_alg,Gen_Alg_22/8_9,40.0,,,,Gen_Alg_22/8_9,2025-08-22
gen_alg_22_8_8,45262,20260227_329_Gen_Alg_22_8_8_Colorado2025-greenBox_details.csv,Gen_alg,Gen_Alg_22/8_8,40.0,,,,Gen_Alg_22/8_8,2025-08-22
gen_alg_22_8_5,19564,20260227_327_Gen_Alg_22_8_5_Colorado2025-greenBox_details.csv,Gen_alg,Gen_Alg_22/8_5,40.0,,,,Gen_Alg_22/8_5,2025-08-22
gen_alg_22_8_2,20526,20260227_324_Gen_Alg_22_8_2_Colorado2025-greenBox_details.csv,Gen_alg,Gen_Alg_22/8_2,40.0,,,,Gen_Alg_22/8_2,2025-08-22
gen_alg_22_8_3,12467,20260227_325_Gen_Alg_22_8_3_Colorado2025-greenBox_details.csv,Gen_alg,Gen_Alg_22/8_3,40.0,,,,Gen_Alg_22/8_3,2025-08-22
gen_alg_24_8_6,15130,20260227_336_Gen_Alg_24_8_6_Colorado2025-greenBox_details.csv,Gen_alg,Gen_Alg_24/8_6,40.0,,,,Gen_Alg_24/8_6,2025-08-24
gen_alg_24_8_4,11847,20260227_334_Gen_Alg_24_8_4_Colorado2025-greenBox_details.csv,Gen_alg,Gen_Alg_24/8_4,40.0,,,,Gen_Alg_24/8_4,2025-08-24
gen_alg_24_8_2,13278,20260227_332_Gen_Alg_24_8_2_Colorado2025-greenBox_details.csv,Gen_alg,Gen_Alg_24/8_2,40.0,,,,Gen_Alg_24/8_2,2025-08-24
gen_alg_24_8_7,11630,20260227_337_Gen_Alg_24_8_7_Colorado2025-greenBox_details.csv,Gen_alg,Gen_Alg_24/8_7,40.0,,,,Gen_Alg_24/8_7,2025-08-24
gen_alg_24_8_3,25110,20260227_333_Gen_Alg_24_8_3_Colorado2025-greenBox_details.csv,Gen_alg,Gen_Alg_24/8_3,40.0,,,,Gen_Alg_24/8_3,2025-08-24
gen_alg_24_8_5,17418,20260227_335_Gen_Alg_24_8_5_Colorado2025-greenBox_details.csv,Gen_alg,Gen_Alg_24/8_5,40.0,,,,Gen_Alg_24/8_5,2025-08-24
gen_alg_24_8_1,19297,20260227_331_Gen_Alg_24_8_1_Colorado2025-greenBox_details.csv,Gen_alg,Gen_Alg_24/8_1,40.0,,,,Gen_Alg_24/8_1,2025-08-24
gen_alg_26_8_5,17296,20260227_342_Gen_Alg_26_8_5_Colorado2025-greenBox_details.csv,Gen_alg,Gen_Alg_26/8_5,40.0,,,,Gen_Alg_26/8_5,2025-08-26
gen_alg_26_8_4,15946,20260227_341_Gen_Alg_26_8_4_Colorado2025-greenBox_details.csv,Gen_alg,Gen_Alg_26/8_4,40.0,,,,Gen_Alg_26/8_4,2025-08-26
gen_alg_26_8_7,26799,20260227_344_Gen_Alg_26_8_7_Colorado2025-greenBox_details.csv,Gen_alg,Gen_Alg_26/8_7,40.0,,,,Gen_Alg_26/8_7,2025-08-26
gen_alg_26_8_2,10752,20260227_339_Gen_Alg_26_8_2_Colorado2025-greenBox_details.csv,Gen_alg,Gen_Alg_26/8_2,40.0,,,,Gen_Alg_26/8_2,2025-08-26
gen_alg_26_8_6,13218,20260227_343_Gen_Alg_26_8_6_Colorado2025-greenBox_details.csv,Gen_alg,Gen_Alg_26/8_6,40.0,,,,Gen_Alg_26/8_6,2025-08-26
gen_alg_26_8_1,39064,20260227_338_Gen_Alg_26_8_1_Colorado2025-greenBox_details.csv,Gen_alg,Gen_Alg_26/8_1,40.0,,,,Gen_Alg_26/8_1,2025-08-26
gen_alg_26_8_3,20615,20260227_340_Gen_Alg_26_8_3_Colorado2025-greenBox_details.csv,Gen_alg,Gen_Alg_26/8_3,40.0,,,,Gen_Alg_26/8_3,2025-08-26
Sed_lan_unmapped_9,2104,20251031_010_pol_pro_Sed_lan_2025_9_Colorado2025_details.csv,Sed_lan,,,,,,,
Sed_lan_unmapped_29,408,20251031_030_pol_pro_Sed_lan_2025_29_Colorado2025_details.csv,Sed_lan,,,,,,,
Sed_lan_unmapped_17,564,20251031_018_pol_pro_Sed_lan_2025_17_Colorado2025_details.csv,Sed_lan,,,,,,,
Sed_lan_unmapped_19,114,20251031_020_pol_pro_Sed_lan_2025_19_Colorado2025_details.csv,Sed_lan,,,,,,,
Sed_lan_unmapped_18,489,20251031_019_pol_pro_Sed_lan_2025_18_Colorado2025_details.csv,Sed_lan,,,,,,,
Sed_lan_unmapped_11,2452,20251031_012_pol_pro_Sed_lan_2025_11_Colorado2025_details.csv,Sed_lan,,,,,,,
Sed_lan_unmapped_4,4508,20251031_005_pol_pro_Sed_lan_2025_4_Colorado2025_details.csv,Sed_lan,,,,,,,
Sed_lan_unmapped_5,103,20251031_006_pol_pro_Sed_lan_2025_5_Colorado2025_details.csv,Sed_lan,,,,,,,
Sed_lan_unmapped_10,1460,20251031_011_pol_pro_Sed_lan_2025_10_Colorado2025_details.csv,Sed_lan,,,,,,,
Sed_lan_unmapped_28,1303,20251031_029_pol_pro_Sed_lan_2025_28_Colorado2025_details.csv,Sed_lan,,,,,,,
Sed_lan_unmapped_1,64,20251031_002_pol_pro_Sed_lan_2025_1_Colorado2025_details.csv,Sed_lan,,,,,,,
Sed_lan_unmapped_12,417,20251031_013_pol_pro_Sed_lan_2025_12_Colorado2025_details.csv,Sed_lan,,,,,,,
Sed_lan_unmapped_8,2586,20251031_009_pol_pro_Sed_lan_2025_8_Colorado2025_details.csv,Sed_lan,,,,,,,
