Join_Code,Detections,Original_File,Species,kod kytky + datum,barviva,na_sklicko,pozn,mnozstvi_pylu,Cleaned_Code,Collection_Date
Ran_Ado_22/6_5,247,20251031_067_pol_pro_Ran_ado_2025_5_Colorado2025_details.csv,Ran_ado,Ran_Ado_22/6_5,40.0,5,,1976,Ran_Ado_22/6_5,2025-06-22
Ran_Ado_22/6_7,32,20251031_069_pol_pro_Ran_ado_2025_7_Colorado2025_details.csv,Ran_ado,Ran_Ado_22/6_7,40.0,5,bp,256,Ran_Ado_22/6_7,2025-06-22
Ran_Ado_22/6_1,1805,20251031_063_pol_pro_Ran_ado_2025_1_Colorado2025_details.csv,Ran_ado,Ran_Ado_22/6_1,40.0,5,,14440,Ran_Ado_22/6_1,2025-06-22
Ran_Ado_22/6_3,15335,20251031_065_pol_pro_Ran_ado_2025_3_Colorado2025_details.csv,Ran_ado,Ran_Ado_22/6_3,40.0,5,,122680,Ran_Ado_22/6_3,2025-06-22
Ran_Ado_22/6_2,195,20251031_064_pol_pro_Ran_ado_2025_2_Colorado2025_details.csv,Ran_ado,Ran_Ado_22/6_2,40.0,5,bp,1560,Ran_Ado_22/6_2,2025-06-22
Ran_Ado_22/6_6,2582,20251031_068_pol_pro_Ran_ado_2025_6_Colorado2025_details.csv,Ran_ado,Ran_Ado_22/6_6,40.0,5,bp,20656,Ran_Ado_22/6_6,2025-06-22
cal_chi_23_6_3,4,20260226_202_Cal_Chi_23_6_3_Colorado2025-greenBox_details.csv,Cal_chi,Cal_Chi_23/6_3,30.0,5,bp,24,Cal_Chi_23/6_3,2025-06-23
cal_chi_23_6_2,242,20260226_201_Cal_Chi_23_6_2_Colorado2025-greenBox_details.csv,Cal_chi,Cal_Chi_23/6_2,30.0,5,,1452,Cal_Chi_23/6_2,2025-06-23
Ran_Ado_24/6_4,3202,20251031_072_pol_pro_Ran_ado_2025_10_Colorado2025_details.csv,Ran_ado,Ran_Ado_24/6_4,40.0,5,bp,25616,Ran_Ado_24/6_4,2025-06-24
Ran_Ado_24/6_5,679,20251031_073_pol_pro_Ran_ado_2025_11_Colorado2025_details.csv,Ran_ado,Ran_Ado_24/6_5,40.0,5,bp,5432,Ran_Ado_24/6_5,2025-06-24
Ran_Ado_24/6_3,164,20251031_071_pol_pro_Ran_ado_2025_9_Colorado2025_details.csv,Ran_ado,Ran_Ado_24/6_3,40.0,5,bp,1312,Ran_Ado_24/6_3,2025-06-24
Ran_Ado_24/6_6,4503,20251031_074_pol_pro_Ran_ado_2025_12_Colorado2025_details.csv,Ran_ado,Ran_Ado_24/6_6,40.0,5,bp.,36024,Ran_Ado_24/6_6,2025-06-24
Ran_Ado_24/6_2,4613,20251031_070_pol_pro_Ran_ado_2025_8_Colorado2025_details.csv,Ran_ado,Ran_Ado_24/6_2,40.0,5,mp,36904,Ran_Ado_24/6_2,2025-06-24
cal_chi_25_6_5,39,20260224_046_Cal_Chi_25_6_5_Colorado2025-greenBox_details.csv,Cal_chi,Cal_Chi_25/6_5,30.0,5,mp,234,Cal_Chi_25/6_5,2025-06-25
cal_chi_25_6_4,3,20260224_045_Cal_Chi_25_6_4_Colorado2025-greenBox_details.csv,Cal_chi,Cal_Chi_25/6_4,30.0,5,bp,18,Cal_Chi_25/6_4,2025-06-25
cal_chi_25_6_3,12,20260224_044_Cal_Chi_25_6_3_Colorado2025-greenBox_details.csv,Cal_chi,Cal_Chi_25/6_3,30.0,5,bp,72,Cal_Chi_25/6_3,2025-06-25
Ran_Ado_26/6_2,59,20251031_076_pol_pro_Ran_ado_2025_14_Colorado2025_details.csv,Ran_ado,Ran_Ado_26/6_2,40.0,10,mp,236,Ran_Ado_26/6_2,2025-06-26
Ran_Ado_26/6_4,1332,20251031_078_pol_pro_Ran_ado_2025_16_Colorado2025_details.csv,Ran_ado,Ran_Ado_26/6_4,40.0,10,mp,5328,Ran_Ado_26/6_4,2025-06-26
Ran_Ado_26/6_5,3238,20251031_079_pol_pro_Ran_ado_2025_17_Colorado2025_details.csv,Ran_ado,Ran_Ado_26/6_5,40.0,5,bp,25904,Ran_Ado_26/6_5,2025-06-26
Ran_Ado_26/6_1,2,20251031_075_pol_pro_Ran_ado_2025_13_Colorado2025_details.csv,Ran_ado,Ran_Ado_26/6_1,40.0,10,bez pylu,8,Ran_Ado_26/6_1,2025-06-26
Ran_Ado_26/6_3,1586,20251031_077_pol_pro_Ran_ado_2025_15_Colorado2025_details.csv,Ran_ado,Ran_Ado_26/6_3,40.0,10,mp,6344,Ran_Ado_26/6_3,2025-06-26
Ran_Ado_26/6_6,2,20251031_080_pol_pro_Ran_ado_2025_18_Colorado2025_details.csv,Ran_ado,Ran_Ado_26/6_6,40.0,5,bp,16,Ran_Ado_26/6_6,2025-06-26
cal_chi_27_6_5,8,20260224_081_Cal_Chi_27_6_5_Colorado2025-greenBox_details.csv,Cal_chi,Cal_Chi_27/6_5,30.0,5,bp,48,Cal_Chi_27/6_5,2025-06-27
cal_chi_27_6_6,1,20260224_082_Cal_Chi_27_6_6_Colorado2025-greenBox_details.csv,Cal_chi,Cal_Chi_27/6_6,30.0,5,bp,6,Cal_Chi_27/6_6,2025-06-27
Ran_Ado_28/6_3,4560,20251031_083_pol_pro_Ran_ado_2025_21_Colorado2025_details.csv,Ran_ado,Ran_Ado_28/6_3,40.0,5,,36480,Ran_Ado_28/6_3,2025-06-28
Ran_Ado_28/6_6,2013,20251031_086_pol_pro_Ran_ado_2025_24_Colorado2025_details.csv,Ran_ado,Ran_Ado_28/6_6,40.0,5,,16104,Ran_Ado_28/6_6,2025-06-28
Ran_Ado_28/6_4,18602,20251031_084_pol_pro_Ran_ado_2025_22_Colorado2025_details.csv,Ran_ado,Ran_Ado_28/6_4,40.0,5,,148816,Ran_Ado_28/6_4,2025-06-28
Ran_Ado_28/6_1,4491,20251031_081_pol_pro_Ran_ado_2025_19_Colorado2025_details.csv,Ran_ado,Ran_Ado_28/6_1,40.0,10,bez pylu,17964,Ran_Ado_28/6_1,2025-06-28
Ran_Ado_28/6_5,2157,20251031_085_pol_pro_Ran_ado_2025_23_Colorado2025_details.csv,Ran_ado,Ran_Ado_28/6_5,40.0,5,,17256,Ran_Ado_28/6_5,2025-06-28
Ran_Ado_28/6_2,1421,20251031_082_pol_pro_Ran_ado_2025_20_Colorado2025_details.csv,Ran_ado,Ran_Ado_28/6_2,40.0,,na,#DIV/0!,Ran_Ado_28/6_2,2025-06-28
cal_chi_29_6_5,930,20260224_035_Cal_Chi_29_6_5_Colorado2025-greenBox_details.csv,Cal_chi,Cal_Chi_29/6_5,30.0,5,,5580,Cal_Chi_29/6_5,2025-06-29
cal_chi_29_6_3,222,20260224_033_Cal_Chi_29_6_3_Colorado2025-greenBox_details.csv,Cal_chi,Cal_Chi_29/6_3,30.0,5,,1332,Cal_Chi_29/6_3,2025-06-29
cal_chi_29_6_1,1378,20260224_031_Cal_Chi_29_6_1_Colorado2025-greenBox_details.csv,Cal_chi,Cal_Chi_29/6_1,30.0,5,,8268,Cal_Chi_29/6_1,2025-06-29
cal_chi_29_6_2,1209,20260224_032_Cal_Chi_29_6_2_Colorado2025-greenBox_details.csv,Cal_chi,Cal_Chi_29/6_2,30.0,5,,7254,Cal_Chi_29/6_2,2025-06-29
cal_chi_29_6_4,3,20260224_034_Cal_Chi_29_6_4_Colorado2025-greenBox_details.csv,Cal_chi,Cal_Chi_29/6_4,30.0,5,bp,18,Cal_Chi_29/6_4,2025-06-29
Ran_Ado_30/6_1,6689,20251031_087_pol_pro_Ran_ado_2025_25_Colorado2025_details.csv,Ran_ado,Ran_Ado_30/6_1,30.0,5,bp,40134,Ran_Ado_30/6_1,2025-06-30
Ran_Ado_30/6_2,2104,20251031_088_pol_pro_Ran_ado_2025_26_Colorado2025_details.csv,Ran_ado,Ran_Ado_30/6_2,30.0,5,,12624,Ran_Ado_30/6_2,2025-06-30
Ran_Ado_30/6_3,11711,20251031_089_pol_pro_Ran_ado_2025_27_Colorado2025_details.csv,Ran_ado,Ran_Ado_30/6_3,30.0,5,bp,70266,Ran_Ado_30/6_3,2025-06-30
cal_chi_1_7_1,267,20260224_047_Cal_Chi_1_7_1_Colorado2025-greenBox_details.csv,Cal_chi,Cal_Chi_1/7_1,30.0,5,,1602,Cal_Chi_1/7_1,2025-07-01
Ran_Ado_2/7_2,848,20251031_001_pol_pro_Ran_ado_2025_32_Colorado2025_details.csv,Ran_ado,Ran_Ado_2/7_2,30.0,5,bp,5088,Ran_Ado_2/7_2,2025-07-02
cal_chi_3_7_4,83,20260224_056_Cal_Chi_3_7_4_Colorado2025-greenBox_details.csv,Cal_chi,Cal_Chi_3/7_4,30.0,5,bp,498,Cal_Chi_3/7_4,2025-07-03
cal_chi_3_7_2,56,20260224_054_Cal_Chi_3_7_2_Colorado2025-greenBox_details.csv,Cal_chi,Cal_Chi_3/7_2,30.0,5,bp,336,Cal_Chi_3/7_2,2025-07-03
cal_chi_3_7_3,9,20260224_055_Cal_Chi_3_7_3_Colorado2025-greenBox_details.csv,Cal_chi,Cal_Chi_3/7_3,30.0,5,bp,54,Cal_Chi_3/7_3,2025-07-03
cal_chi_3_7_1,2118,20260224_053_Cal_Chi_3_7_1_Colorado2025-greenBox_details.csv,Cal_chi,Cal_Chi_3/7_1,30.0,5,,12708,Cal_Chi_3/7_1,2025-07-03
cal_chi_5_7_5,54,20260224_099_Cal_Chi_5_7_5_Colorado2025-greenBox_details.csv,Cal_chi,Cal_Chi_5/7_5,30.0,5,mp,324,Cal_Chi_5/7_5,2025-07-05
cal_chi_5_7_1,15,20260224_095_Cal_Chi_5_7_1_Colorado2025-greenBox_details.csv,Cal_chi,Cal_Chi_5/7_1,30.0,5,bp,90,Cal_Chi_5/7_1,2025-07-05
cal_chi_5_7_2,444,20260224_096_Cal_Chi_5_7_2_Colorado2025-greenBox_details.csv,Cal_chi,Cal_Chi_5/7_2,30.0,5,,2664,Cal_Chi_5/7_2,2025-07-05
cal_chi_5_7_6,209,20260224_100_Cal_Chi_5_7_6_Colorado2025-greenBox_details.csv,Cal_chi,Cal_Chi_5/7_6,30.0,5,,1254,Cal_Chi_5/7_6,2025-07-05
cal_chi_7_7_4,24,20260224_039_Cal_Chi_7_7_4_Colorado2025-greenBox_details.csv,Cal_chi,Cal_Chi_7/7_4,30.0,5,bp,144,Cal_Chi_7/7_4,2025-07-07
cal_chi_7_7_5,21,20260224_040_Cal_Chi_7_7_5_Colorado2025-greenBox_details.csv,Cal_chi,Cal_Chi_7/7_5,30.0,5,bp,126,Cal_Chi_7/7_5,2025-07-07
cal_chi_7_7_2,1,20260224_037_Cal_Chi_7_7_2_Colorado2025-greenBox_details.csv,Cal_chi,Cal_Chi_7/7_2,30.0,5,bp,6,Cal_Chi_7/7_2,2025-07-07
cal_chi_7_7_3,7,20260224_038_Cal_Chi_7_7_3_Colorado2025-greenBox_details.csv,Cal_chi,Cal_Chi_7/7_3,30.0,5,bp,42,Cal_Chi_7/7_3,2025-07-07
cal_chi_11_7_6,17,20260224_064_Cal_Chi_11_7_6_Colorado2025-greenBox_details.csv,Cal_chi,Cal_Chi_11/7_6,30.0,5,bp,102,Cal_Chi_11/7_6,2025-07-11
cal_chi_11_7_3,10,20260224_061_Cal_Chi_11_7_3_Colorado2025-greenBox_details.csv,Cal_chi,Cal_Chi_11/7_3,30.0,5,bp,60,Cal_Chi_11/7_3,2025-07-11
cal_chi_11_7_4,18,20260224_062_Cal_Chi_11_7_4_Colorado2025-greenBox_details.csv,Cal_chi,Cal_Chi_11/7_4,30.0,5,bp,108,Cal_Chi_11/7_4,2025-07-11
cal_chi_13_7_3,25,20260224_091_Cal_Chi_13_7_3_Colorado2025-greenBox_details.csv,Cal_chi,Cal_Chi_13/7_3,30.0,5,bp,150,Cal_Chi_13/7_3,2025-07-13
cal_chi_13_7_4,3,20260224_092_Cal_Chi_13_7_4_Colorado2025-greenBox_details.csv,Cal_chi,Cal_Chi_13/7_4,30.0,5,bp,18,Cal_Chi_13/7_4,2025-07-13
cal_chi_17_7_4,3,20260224_086_Cal_Chi_17_7_4_Colorado2025-greenBox_details.csv,Cal_chi,Cal_Chi_17/7_4,30.0,5,bp,18,Cal_Chi_17/7_4,2025-07-17
gen_alg_22_7_3,15019,20260226_207_Gen_Alg_22_7_3_Colorado2025-greenBox_details.csv,Gen_alg,Gen_Alg_22/7_3,40.0,5,,120152,Gen_Alg_22/7_3,2025-07-22
gen_alg_22_7_4,16311,20260226_208_Gen_Alg_22_7_4_Colorado2025-greenBox_details.csv,Gen_alg,Gen_Alg_22/7_4,40.0,5,,130488,Gen_Alg_22/7_4,2025-07-22
gen_alg_22_7_1,23092,20260226_236_Gen_Alg_22_7_1_Colorado2025-greenBox_details.csv,Gen_alg,Gen_Alg_22/7_1,40.0,5,,184736,Gen_Alg_22/7_1,2025-07-22
gen_alg_22_7_2,7872,20260226_206_Gen_Alg_22_7_2_Colorado2025-greenBox_details.csv,Gen_alg,Gen_Alg_22/7_2,40.0,5,,62976,Gen_Alg_22/7_2,2025-07-22
gen_alg_25_7_5,23356,20260226_213_Gen_Alg_25_7_5_Colorado2025-greenBox_details.csv,Gen_alg,Gen_Alg_25/7_5,40.0,5,,186848,Gen_Alg_25/7_5,2025-07-25
gen_alg_25_7_3,16194,20260226_211_Gen_Alg_25_7_3_Colorado2025-greenBox_details.csv,Gen_alg,Gen_Alg_25/7_3,40.0,5,,129552,Gen_Alg_25/7_3,2025-07-25
gen_alg_25_7_2,24714,20260226_210_Gen_Alg_25_7_2_Colorado2025-greenBox_details.csv,Gen_alg,Gen_Alg_25/7_2,40.0,5,,197712,Gen_Alg_25/7_2,2025-07-25
gen_alg_25_7_4,21913,20260226_212_Gen_Alg_25_7_4_Colorado2025-greenBox_details.csv,Gen_alg,Gen_Alg_25/7_4,40.0,5,,175304,Gen_Alg_25/7_4,2025-07-25
gen_alg_25_7_6,32787,20260226_214_Gen_Alg_25_7_6_Colorado2025-greenBox_details.csv,Gen_alg,Gen_Alg_25/7_6,40.0,5,,262296,Gen_Alg_25/7_6,2025-07-25
gen_alg_25_7_9,9641,20260226_217_Gen_Alg_25_7_9_Colorado2025-greenBox_details.csv,Gen_alg,Gen_Alg_25/7_9,40.0,5,,77128,Gen_Alg_25/7_9,2025-07-25
gen_alg_25_7_7,12944,20260226_215_Gen_Alg_25_7_7_Colorado2025-greenBox_details.csv,Gen_alg,Gen_Alg_25/7_7,40.0,5,,103552,Gen_Alg_25/7_7,2025-07-25
gen_alg_25_7_1,10832,20260226_209_Gen_Alg_25_7_1_Colorado2025-greenBox_details.csv,Gen_alg,Gen_Alg_25/7_1,40.0,5,,86656,Gen_Alg_25/7_1,2025-07-25
gen_alg_25_7_8,24673,20260226_216_Gen_Alg_25_7_8_Colorado2025-greenBox_details.csv,Gen_alg,Gen_Alg_25/7_8,40.0,5,,197384,Gen_Alg_25/7_8,2025-07-25
gen_alg_27_7_7,42412,20260226_224_Gen_Alg_27_7_7_Colorado2025-greenBox_details.csv,Gen_alg,Gen_Alg_27/7_7,40.0,10,,169648,Gen_Alg_27/7_7,2025-07-27
gen_alg_27_7_8,7264,20260226_225_Gen_Alg_27_7_8_Colorado2025-greenBox_details.csv,Gen_alg,Gen_Alg_27/7_8,40.0,10,,29056,Gen_Alg_27/7_8,2025-07-27
gen_alg_27_7_6,21105,20260226_223_Gen_Alg_27_7_6_Colorado2025-greenBox_details.csv,Gen_alg,Gen_Alg_27/7_6,40.0,10,,84420,Gen_Alg_27/7_6,2025-07-27
gen_alg_27_7_1,53,20260226_218_Gen_Alg_27_7_1_Colorado2025-greenBox_details.csv,Gen_alg,Gen_Alg_27/7_1,40.0,10,mp,212,Gen_Alg_27/7_1,2025-07-27
gen_alg_27_7_2,10964,20260226_219_Gen_Alg_27_7_2_Colorado2025-greenBox_details.csv,Gen_alg,Gen_Alg_27/7_2,40.0,10,,43856,Gen_Alg_27/7_2,2025-07-27
gen_alg_27_7_9,5418,20260226_226_Gen_Alg_27_7_9_Colorado2025-greenBox_details.csv,Gen_alg,Gen_Alg_27/7_9,40.0,10,,21672,Gen_Alg_27/7_9,2025-07-27
gen_alg_27_7_3,31178,20260226_220_Gen_Alg_27_7_3_Colorado2025-greenBox_details.csv,Gen_alg,Gen_Alg_27/7_3,40.0,10,,124712,Gen_Alg_27/7_3,2025-07-27
gen_alg_27_7_5,42029,20260226_222_Gen_Alg_27_7_5_Colorado2025-greenBox_details.csv,Gen_alg,Gen_Alg_27/7_5,40.0,10,,168116,Gen_Alg_27/7_5,2025-07-27
gen_alg_27_7_4,238,20260226_221_Gen_Alg_27_7_4_Colorado2025-greenBox_details.csv,Gen_alg,Gen_Alg_27/7_4,40.0,10,mp,952,Gen_Alg_27/7_4,2025-07-27
gen_alg_29_7_8,25229,20260226_234_Gen_Alg_29_7_8_Colorado2025-greenBox_details.csv,Gen_alg,Gen_Alg_29/7_8,40.0,5.5,,183483.636363636,Gen_Alg_29/7_8,2025-07-29
gen_alg_29_7_7,2262,20260226_233_Gen_Alg_29_7_7_Colorado2025-greenBox_details.csv,Gen_alg,Gen_Alg_29/7_7,40.0,5.5,,16450.9090909091,Gen_Alg_29/7_7,2025-07-29
gen_alg_29_7_9,17320,20260226_235_Gen_Alg_29_7_9_Colorado2025-greenBox_details.csv,Gen_alg,Gen_Alg_29/7_9,40.0,5.5,,125963.636363636,Gen_Alg_29/7_9,2025-07-29
gen_alg_29_7_4,11000,20260226_230_Gen_Alg_29_7_4_Colorado2025-greenBox_details.csv,Gen_alg,Gen_Alg_29/7_4,40.0,5.5,,80000,Gen_Alg_29/7_4,2025-07-29
gen_alg_29_7_3,25157,20260226_229_Gen_Alg_29_7_3_Colorado2025-greenBox_details.csv,Gen_alg,Gen_Alg_29/7_3,40.0,5.5,,182960,Gen_Alg_29/7_3,2025-07-29
gen_alg_29_7_1,30570,20260226_227_Gen_Alg_29_7_1_Colorado2025-greenBox_details.csv,Gen_alg,Gen_Alg_29/7_1,40.0,5,,244560,Gen_Alg_29/7_1,2025-07-29
gen_alg_29_7_5,22053,20260226_231_Gen_Alg_29_7_5_Colorado2025-greenBox_details.csv,Gen_alg,Gen_Alg_29/7_5,40.0,5.5,,160385.454545455,Gen_Alg_29/7_5,2025-07-29
gen_alg_29_7_2,485,20260226_228_Gen_Alg_29_7_2_Colorado2025-greenBox_details.csv,Gen_alg,Gen_Alg_29/7_2,40.0,5.5,,3527.27272727273,Gen_Alg_29/7_2,2025-07-29
gen_alg_29_7_6,21386,20260226_232_Gen_Alg_29_7_6_Colorado2025-greenBox_details.csv,Gen_alg,Gen_Alg_29/7_6,40.0,5.5,,155534.545454545,Gen_Alg_29/7_6,2025-07-29
gen_alg_31_7_5,27186,20260226_241_Gen_Alg_31_7_5_Colorado2025-greenBox_details.csv,Gen_alg,Gen_Alg_31/7_5,40.0,5.5,,197716.363636364,Gen_Alg_31/7_5,2025-07-31
gen_alg_31_7_6,32276,20260226_242_Gen_Alg_31_7_6_Colorado2025-greenBox_details.csv,Gen_alg,Gen_Alg_31/7_6,40.0,5.5,,234734.545454545,Gen_Alg_31/7_6,2025-07-31
gen_alg_31_7_4,13609,20260226_240_Gen_Alg_31_7_4_Colorado2025-greenBox_details.csv,Gen_alg,Gen_Alg_31/7_4,40.0,5.5,,98974.5454545455,Gen_Alg_31/7_4,2025-07-31
gen_alg_31_7_3,205,20260226_239_Gen_Alg_31_7_3_Colorado2025-greenBox_details.csv,Gen_alg,Gen_Alg_31/7_3,40.0,5.5,,1490.90909090909,Gen_Alg_31/7_3,2025-07-31
gen_alg_31_7_7,22632,20260226_243_Gen_Alg_31_7_7_Colorado2025-greenBox_details.csv,Gen_alg,Gen_Alg_31/7_7,40.0,5.5,,164596.363636364,Gen_Alg_31/7_7,2025-07-31
gen_alg_31_7_2,30315,20260226_238_Gen_Alg_31_7_2_Colorado2025-greenBox_details.csv,Gen_alg,Gen_Alg_31/7_2,40.0,5.5,,220472.727272727,Gen_Alg_31/7_2,2025-07-31
gen_alg_31_7_1,702,20260226_237_Gen_Alg_31_7_1_Colorado2025-greenBox_details.csv,Gen_alg,Gen_Alg_31/7_1,40.0,5.5,,5105.45454545455,Gen_Alg_31/7_1,2025-07-31
gen_alg_31_7_8,34998,20260226_244_Gen_Alg_31_7_8_Colorado2025-greenBox_details.csv,Gen_alg,Gen_Alg_31/7_8,40.0,5.5,,254530.909090909,Gen_Alg_31/7_8,2025-07-31
gen_alg_31_7_9,28985,20260226_245_Gen_Alg_31_7_9_Colorado2025-greenBox_details.csv,Gen_alg,Gen_Alg_31/7_9,40.0,5.5,,210800,Gen_Alg_31/7_9,2025-07-31
gen_alg_2_8_3,18859,20260226_257_Gen_Alg_2_8_3_Colorado2025-greenBox_details.csv,Gen_alg,Gen_Alg_2/8_3,40.0,5.5,,137156.363636364,Gen_Alg_2/8_3,2025-08-02
gen_alg_2_8_1,22975,20260226_255_Gen_Alg_2_8_1_Colorado2025-greenBox_details.csv,Gen_alg,Gen_Alg_2/8_1,40.0,5.5,,167090.909090909,Gen_Alg_2/8_1,2025-08-02
gen_alg_2_8_2,30129,20260226_256_Gen_Alg_2_8_2_Colorado2025-greenBox_details.csv,Gen_alg,Gen_Alg_2/8_2,40.0,5.5,,219120,Gen_Alg_2/8_2,2025-08-02
gen_alg_2_8_8,32664,20260226_262_Gen_Alg_2_8_8_Colorado2025-greenBox_details.csv,Gen_alg,Gen_Alg_2/8_8,40.0,5.5,,237556.363636364,Gen_Alg_2/8_8,2025-08-02
gen_alg_2_8_4,12469,20260226_258_Gen_Alg_2_8_4_Colorado2025-greenBox_details.csv,Gen_alg,Gen_Alg_2/8_4,40.0,5.5,,90683.6363636364,Gen_Alg_2/8_4,2025-08-02
gen_alg_2_8_6,20728,20260226_260_Gen_Alg_2_8_6_Colorado2025-greenBox_details.csv,Gen_alg,Gen_Alg_2/8_6,40.0,5.5,,150749.090909091,Gen_Alg_2/8_6,2025-08-02
gen_alg_2_8_7,9574,20260226_261_Gen_Alg_2_8_7_Colorado2025-greenBox_details.csv,Gen_alg,Gen_Alg_2/8_7,40.0,5.5,,69629.0909090909,Gen_Alg_2/8_7,2025-08-02
gen_alg_2_8_9,38531,20260226_263_Gen_Alg_2_8_9_Colorado2025-greenBox_details.csv,Gen_alg,Gen_Alg_2/8_9,40.0,5.5,,280225.454545455,Gen_Alg_2/8_9,2025-08-02
gen_alg_2_8_5,44919,20260226_259_Gen_Alg_2_8_5_Colorado2025-greenBox_details.csv,Gen_alg,Gen_Alg_2/8_5,40.0,5.5,,326683.636363636,Gen_Alg_2/8_5,2025-08-02
gen_alg_4_8_9,27067,20260226_254_Gen_Alg_4_8_9_Colorado2025-greenBox_details.csv,Gen_alg,Gen_Alg_4/8_9,40.0,5.5,,196850.909090909,Gen_Alg_4/8_9,2025-08-04
gen_alg_4_8_3,23793,20260226_248_Gen_Alg_4_8_3_Colorado2025-greenBox_details.csv,Gen_alg,Gen_Alg_4/8_3,40.0,5.5,,173040,Gen_Alg_4/8_3,2025-08-04
gen_alg_4_8_8,27601,20260226_253_Gen_Alg_4_8_8_Colorado2025-greenBox_details.csv,Gen_alg,Gen_Alg_4/8_8,40.0,5.5,,200734.545454545,Gen_Alg_4/8_8,2025-08-04
gen_alg_4_8_1,4744,20260226_246_Gen_Alg_4_8_1_Colorado2025-greenBox_details.csv,Gen_alg,Gen_Alg_4/8_1,40.0,5.5,,34501.8181818182,Gen_Alg_4/8_1,2025-08-04
gen_alg_4_8_6,18116,20260226_251_Gen_Alg_4_8_6_Colorado2025-greenBox_details.csv,Gen_alg,Gen_Alg_4/8_6,40.0,5.5,,131752.727272727,Gen_Alg_4/8_6,2025-08-04
gen_alg_4_8_7,13888,20260226_252_Gen_Alg_4_8_7_Colorado2025-greenBox_details.csv,Gen_alg,Gen_Alg_4/8_7,40.0,5.5,,101003.636363636,Gen_Alg_4/8_7,2025-08-04
gen_alg_4_8_2,17628,20260226_247_Gen_Alg_4_8_2_Colorado2025-greenBox_details.csv,Gen_alg,Gen_Alg_4/8_2,40.0,5.5,,128203.636363636,Gen_Alg_4/8_2,2025-08-04
gen_alg_4_8_4,5303,20260226_249_Gen_Alg_4_8_4_Colorado2025-greenBox_details.csv,Gen_alg,Gen_Alg_4/8_4,40.0,5.5,,38567.2727272727,Gen_Alg_4/8_4,2025-08-04
gen_alg_6_8_1,16716,20260226_264_Gen_Alg_6_8_1_Colorado2025-greenBox_details.csv,Gen_alg,Gen_Alg_6/8_1,40.0,5.5,,121570.909090909,Gen_Alg_6/8_1,2025-08-06
gen_alg_6_8_5,10814,20260226_268_Gen_Alg_6_8_5_Colorado2025-greenBox_details.csv,Gen_alg,Gen_Alg_6/8_5,40.0,5.5,,78647.2727272727,Gen_Alg_6/8_5,2025-08-06
gen_alg_6_8_3,20161,20260226_266_Gen_Alg_6_8_3_Colorado2025-greenBox_details.csv,Gen_alg,Gen_Alg_6/8_3,40.0,5.5,,146625.454545455,Gen_Alg_6/8_3,2025-08-06
gen_alg_6_8_6,16632,20260226_269_Gen_Alg_6_8_6_Colorado2025-greenBox_details.csv,Gen_alg,Gen_Alg_6/8_6,40.0,5.5,,120960,Gen_Alg_6/8_6,2025-08-06
gen_alg_6_8_4,19422,20260226_267_Gen_Alg_6_8_4_Colorado2025-greenBox_details.csv,Gen_alg,Gen_Alg_6/8_4,40.0,5.5,,141250.909090909,Gen_Alg_6/8_4,2025-08-06
gen_alg_6_8_2,16952,20260226_265_Gen_Alg_6_8_2_Colorado2025-greenBox_details.csv,Gen_alg,Gen_Alg_6/8_2,40.0,5.5,,123287.272727273,Gen_Alg_6/8_2,2025-08-06
gen_alg_8_8_2,14441,20260226_271_Gen_Alg_8_8_2_Colorado2025-greenBox_details.csv,Gen_alg,Gen_Alg_8/8_2,40.0,5.5,,105025.454545455,Gen_Alg_8/8_2,2025-08-08
gen_alg_8_8_4,22021,20260226_273_Gen_Alg_8_8_4_Colorado2025-greenBox_details.csv,Gen_alg,Gen_Alg_8/8_4,40.0,5.5,,160152.727272727,Gen_Alg_8/8_4,2025-08-08
gen_alg_8_8_1,39689,20260226_270_Gen_Alg_8_8_1_Colorado2025-greenBox_details.csv,Gen_alg,Gen_Alg_8/8_1,40.0,5.5,,288647.272727273,Gen_Alg_8/8_1,2025-08-08
gen_alg_8_8_9,38427,20260226_277_Gen_Alg_8_8_9_Colorado2025-greenBox_details.csv,Gen_alg,Gen_Alg_8/8_9,40.0,5.5,,279469.090909091,Gen_Alg_8/8_9,2025-08-08
gen_alg_8_8_7,23574,20260226_276_Gen_Alg_8_8_7_Colorado2025-greenBox_details.csv,Gen_alg,Gen_Alg_8/8_7,40.0,5.5,,171447.272727273,Gen_Alg_8/8_7,2025-08-08
gen_alg_8_8_6,28493,20260226_275_Gen_Alg_8_8_6_Colorado2025-greenBox_details.csv,Gen_alg,Gen_Alg_8/8_6,40.0,5.5,,207221.818181818,Gen_Alg_8/8_6,2025-08-08
gen_alg_8_8_5,26746,20260226_274_Gen_Alg_8_8_5_Colorado2025-greenBox_details.csv,Gen_alg,Gen_Alg_8/8_5,40.0,5.5,,194516.363636364,Gen_Alg_8/8_5,2025-08-08
gen_alg_8_8_3,23203,20260226_272_Gen_Alg_8_8_3_Colorado2025-greenBox_details.csv,Gen_alg,Gen_Alg_8/8_3,40.0,5.5,,168749.090909091,Gen_Alg_8/8_3,2025-08-08
gen_alg_10_8_2,5231,20260226_279_Gen_Alg_10_8_2_Colorado2025-greenBox_details.csv,Gen_alg,Gen_Alg_10/8_2,40.0,5.5,,38043.6363636364,Gen_Alg_10/8_2,2025-08-10
gen_alg_10_8_8,21854,20260226_283_Gen_Alg_10_8_8_Colorado2025-greenBox_details.csv,Gen_alg,Gen_Alg_10/8_8,40.0,5.5,,158938.181818182,Gen_Alg_10/8_8,2025-08-10
gen_alg_10_8_9,35421,20260226_284_Gen_Alg_10_8_9_Colorado2025-greenBox_details.csv,Gen_alg,Gen_Alg_10/8_9,40.0,5.5,,257607.272727273,Gen_Alg_10/8_9,2025-08-10
gen_alg_10_8_7,28892,20260226_282_Gen_Alg_10_8_7_Colorado2025-greenBox_details.csv,Gen_alg,Gen_Alg_10/8_7,40.0,5.5,,210123.636363636,Gen_Alg_10/8_7,2025-08-10
gen_alg_10_8_3,32861,20260226_280_Gen_Alg_10_8_3_Colorado2025-greenBox_details.csv,Gen_alg,Gen_Alg_10/8_3,40.0,5.5,,238989.090909091,Gen_Alg_10/8_3,2025-08-10
gen_alg_10_8_1,16180,20260226_278_Gen_Alg_10_8_1_Colorado2025-greenBox_details.csv,Gen_alg,Gen_Alg_10/8_1,40.0,5.5,,117672.727272727,Gen_Alg_10/8_1,2025-08-10
gen_alg_10_8_5,17293,20260226_281_Gen_Alg_10_8_5_Colorado2025-greenBox_details.csv,Gen_alg,Gen_Alg_10/8_5,40.0,5.5,,125767.272727273,Gen_Alg_10/8_5,2025-08-10
gen_alg_12_8_6,28086,20260226_290_Gen_Alg_12_8_6_Colorado2025-greenBox_details.csv,Gen_alg,Gen_Alg_12/8_6,40.0,5.5,,204261.818181818,Gen_Alg_12/8_6,2025-08-12
gen_alg_12_8_9,14160,20260226_292_Gen_Alg_12_8_9_Colorado2025-greenBox_details.csv,Gen_alg,Gen_Alg_12/8_9,40.0,5.5,,102981.818181818,Gen_Alg_12/8_9,2025-08-12
gen_alg_12_8_1,22710,20260226_285_Gen_Alg_12_8_1_Colorado2025-greenBox_details.csv,Gen_alg,Gen_Alg_12/8_1,40.0,5.5,,165163.636363636,Gen_Alg_12/8_1,2025-08-12
gen_alg_12_8_3,14352,20260226_287_Gen_Alg_12_8_3_Colorado2025-greenBox_details.csv,Gen_alg,Gen_Alg_12/8_3,40.0,5.5,,104378.181818182,Gen_Alg_12/8_3,2025-08-12
gen_alg_12_8_4,44,20260226_288_Gen_Alg_12_8_4_Colorado2025-greenBox_details.csv,Gen_alg,Gen_Alg_12/8_4,40.0,5.5,,320,Gen_Alg_12/8_4,2025-08-12
gen_alg_12_8_7,19218,20260226_291_Gen_Alg_12_8_7_Colorado2025-greenBox_details.csv,Gen_alg,Gen_Alg_12/8_7,40.0,5.5,,139767.272727273,Gen_Alg_12/8_7,2025-08-12
gen_alg_12_8_2,36027,20260226_286_Gen_Alg_12_8_2_Colorado2025-greenBox_details.csv,Gen_alg,Gen_Alg_12/8_2,40.0,5.5,,262014.545454545,Gen_Alg_12/8_2,2025-08-12
gen_alg_12_8_5,18326,20260226_289_Gen_Alg_12_8_5_Colorado2025-greenBox_details.csv,Gen_alg,Gen_Alg_12/8_5,40.0,5.5,,133280,Gen_Alg_12/8_5,2025-08-12
gen_alg_14_8_2,15778,20260226_294_Gen_Alg_14_8_2_Colorado2025-greenBox_details.csv,Gen_alg,Gen_Alg_14/8_2,40.0,5.5,,114749.090909091,Gen_Alg_14/8_2,2025-08-14
gen_alg_14_8_6,41667,20260226_298_Gen_Alg_14_8_6_Colorado2025-greenBox_details.csv,Gen_alg,Gen_Alg_14/8_6,40.0,5.5,,303032.727272727,Gen_Alg_14/8_6,2025-08-14
gen_alg_14_8_1,18650,20260226_293_Gen_Alg_14_8_1_Colorado2025-greenBox_details.csv,Gen_alg,Gen_Alg_14/8_1,40.0,5.5,,135636.363636364,Gen_Alg_14/8_1,2025-08-14
gen_alg_14_8_3,14093,20260226_295_Gen_Alg_14_8_3_Colorado2025-greenBox_details.csv,Gen_alg,Gen_Alg_14/8_3,40.0,5.5,,102494.545454545,Gen_Alg_14/8_3,2025-08-14
gen_alg_14_8_4,23537,20260226_296_Gen_Alg_14_8_4_Colorado2025-greenBox_details.csv,Gen_alg,Gen_Alg_14/8_4,40.0,5.5,,171178.181818182,Gen_Alg_14/8_4,2025-08-14
gen_alg_14_8_8,29915,20260227_386_Gen_Alg_14_8_8_Colorado2025-greenBox_details.csv,Gen_alg,Gen_Alg_14/8_8,40.0,5.5,,217563.636363636,Gen_Alg_14/8_8,2025-08-14
gen_alg_14_8_7,14858,20260226_299_Gen_Alg_14_8_7_Colorado2025-greenBox_details.csv,Gen_alg,Gen_Alg_14/8_7,40.0,5.5,,108058.181818182,Gen_Alg_14/8_7,2025-08-14
gen_alg_14_8_9,30518,20260227_387_Gen_Alg_14_8_9_Colorado2025-greenBox_details.csv,Gen_alg,Gen_Alg_14/8_9,40.0,5.5,na,221949.090909091,Gen_Alg_14/8_9,2025-08-14
gen_alg_16_8_1,25105,20260227_384_Gen_Alg_16_8_1_Colorado2025-greenBox_details.csv,Gen_alg,Gen_Alg_16/8_1,40.0,5.5,,182581.818181818,Gen_Alg_16/8_1,2025-08-16
gen_alg_16_8_8,15881,20260227_379_Gen_Alg_16_8_8_Colorado2025-greenBox_details.csv,Gen_alg,Gen_Alg_16/8_8,40.0,5.5,,115498.181818182,Gen_Alg_16/8_8,2025-08-16
gen_alg_16_8_3,16922,20260227_382_Gen_Alg_16_8_3_Colorado2025-greenBox_details.csv,Gen_alg,Gen_Alg_16/8_3,40.0,5.5,,123069.090909091,Gen_Alg_16/8_3,2025-08-16
gen_alg_16_8_2,26223,20260227_385_Gen_Alg_16_8_2_Colorado2025-greenBox_details.csv,Gen_alg,Gen_Alg_16/8_2,40.0,5.5,,190712.727272727,Gen_Alg_16/8_2,2025-08-16
gen_alg_16_8_5,18162,20260227_380_Gen_Alg_16_8_5_Colorado2025-greenBox_details.csv,Gen_alg,Gen_Alg_16/8_5,40.0,5.5,,132087.272727273,Gen_Alg_16/8_5,2025-08-16
gen_alg_16_8_7,23746,20260227_378_Gen_Alg_16_8_7_Colorado2025-greenBox_details.csv,Gen_alg,Gen_Alg_16/8_7,40.0,5.5,,172698.181818182,Gen_Alg_16/8_7,2025-08-16
gen_alg_16_8_4,34299,20260227_383_Gen_Alg_16_8_4_Colorado2025-greenBox_details.csv,Gen_alg,Gen_Alg_16/8_4,40.0,5.5,,249447.272727273,Gen_Alg_16/8_4,2025-08-16
gen_alg_16_8_6,35553,20260227_381_Gen_Alg_16_8_6_Colorado2025-greenBox_details.csv,Gen_alg,Gen_Alg_16/8_6,40.0,5.5,,258567.272727273,Gen_Alg_16/8_6,2025-08-16
gen_alg_18_8_1,18606,20260227_306_Gen_Alg_18_8_1_Colorado2025-greenBox_details.csv,Gen_alg,Gen_Alg_18/8_1,40.0,5.5,,135316.363636364,Gen_Alg_18/8_1,2025-08-18
gen_alg_18_8_3,19336,20260227_308_Gen_Alg_18_8_3_Colorado2025-greenBox_details.csv,Gen_alg,Gen_Alg_18/8_3,40.0,5.5,,140625.454545455,Gen_Alg_18/8_3,2025-08-18
gen_alg_18_8_4,29552,20260227_309_Gen_Alg_18_8_4_Colorado2025-greenBox_details.csv,Gen_alg,Gen_Alg_18/8_4,40.0,5.5,,214923.636363636,Gen_Alg_18/8_4,2025-08-18
gen_alg_18_8_9,39293,20260227_314_Gen_Alg_18_8_9_Colorado2025-greenBox_details.csv,Gen_alg,Gen_Alg_18/8_9,40.0,5.5,,285767.272727273,Gen_Alg_18/8_9,2025-08-18
gen_alg_18_8_8,24002,20260227_313_Gen_Alg_18_8_8_Colorado2025-greenBox_details.csv,Gen_alg,Gen_Alg_18/8_8,40.0,5.5,,174560,Gen_Alg_18/8_8,2025-08-18
gen_alg_18_8_5,37990,20260227_310_Gen_Alg_18_8_5_Colorado2025-greenBox_details.csv,Gen_alg,Gen_Alg_18/8_5,40.0,5.5,,276290.909090909,Gen_Alg_18/8_5,2025-08-18
gen_alg_18_8_7,44138,20260227_312_Gen_Alg_18_8_7_Colorado2025-greenBox_details.csv,Gen_alg,Gen_Alg_18/8_7,40.0,5.5,,321003.636363636,Gen_Alg_18/8_7,2025-08-18
gen_alg_18_8_6,19011,20260227_311_Gen_Alg_18_8_6_Colorado2025-greenBox_details.csv,Gen_alg,Gen_Alg_18/8_6,40.0,5.5,,138261.818181818,Gen_Alg_18/8_6,2025-08-18
gen_alg_18_8_2,22944,20260227_307_Gen_Alg_18_8_2_Colorado2025-greenBox_details.csv,Gen_alg,Gen_Alg_18/8_2,40.0,5.5,,166865.454545455,Gen_Alg_18/8_2,2025-08-18
gen_alg_20_8_9,46221,20260227_322_Gen_Alg_20_8_9_Colorado2025-greenBox_details.csv,Gen_alg,Gen_Alg_20/8_9,40.0,5.5,,336152.727272727,Gen_Alg_20/8_9,2025-08-20
gen_alg_20_8_3,7,20260227_317_Gen_Alg_20_8_3_Colorado2025-greenBox_details.csv,Gen_alg,Gen_Alg_20/8_3,40.0,5.5,,50.9090909090909,Gen_Alg_20/8_3,2025-08-20
gen_alg_20_8_2,42286,20260227_316_Gen_Alg_20_8_2_Colorado2025-greenBox_details.csv,Gen_alg,Gen_Alg_20/8_2,40.0,5.5,,307534.545454545,Gen_Alg_20/8_2,2025-08-20
gen_alg_20_8_7,31508,20260227_321_Gen_Alg_20_8_7_Colorado2025-greenBox_details.csv,Gen_alg,Gen_Alg_20/8_7,40.0,5.5,,229149.090909091,Gen_Alg_20/8_7,2025-08-20
gen_alg_20_8_6,16092,20260227_320_Gen_Alg_20_8_6_Colorado2025-greenBox_details.csv,Gen_alg,Gen_Alg_20/8_6,40.0,5.5,,117032.727272727,Gen_Alg_20/8_6,2025-08-20
gen_alg_20_8_4,22733,20260227_318_Gen_Alg_20_8_4_Colorado2025-greenBox_details.csv,Gen_alg,Gen_Alg_20/8_4,40.0,5.5,,165330.909090909,Gen_Alg_20/8_4,2025-08-20
gen_alg_20_8_1,25549,20260227_315_Gen_Alg_20_8_1_Colorado2025-greenBox_details.csv,Gen_alg,Gen_Alg_20/8_1,40.0,5.5,,185810.909090909,Gen_Alg_20/8_1,2025-08-20
gen_alg_20_8_5,42172,20260227_319_Gen_Alg_20_8_5_Colorado2025-greenBox_details.csv,Gen_alg,Gen_Alg_20/8_5,40.0,5.5,,306705.454545455,Gen_Alg_20/8_5,2025-08-20
gen_alg_22_8_7,12213,20260227_328_Gen_Alg_22_8_7_Colorado2025-greenBox_details.csv,Gen_alg,Gen_Alg_22/8_7,40.0,5.5,,88821.8181818182,Gen_Alg_22/8_7,2025-08-22
gen_alg_22_8_1,7494,20260227_323_Gen_Alg_22_8_1_Colorado2025-greenBox_details.csv,Gen_alg,Gen_Alg_22/8_1,40.0,5.5,,54501.8181818182,Gen_Alg_22/8_1,2025-08-22
gen_alg_22_8_6,30812,20260227_326_Gen_Alg_22_8_6_Colorado2025-greenBox_details.csv,Gen_alg,Gen_Alg_22/8_6,40.0,5.5,,224087.272727273,Gen_Alg_22/8_6,2025-08-22
gen_alg_22_8_9,25849,20260227_330_Gen_Alg_22_8_9_Colorado2025-greenBox_details.csv,Gen_alg,Gen_Alg_22/8_9,40.0,5.5,,187992.727272727,Gen_Alg_22/8_9,2025-08-22
gen_alg_22_8_8,45262,20260227_329_Gen_Alg_22_8_8_Colorado2025-greenBox_details.csv,Gen_alg,Gen_Alg_22/8_8,40.0,5.5,,329178.181818182,Gen_Alg_22/8_8,2025-08-22
gen_alg_22_8_5,19564,20260227_327_Gen_Alg_22_8_5_Colorado2025-greenBox_details.csv,Gen_alg,Gen_Alg_22/8_5,40.0,5.5,,142283.636363636,Gen_Alg_22/8_5,2025-08-22
gen_alg_22_8_2,20526,20260227_324_Gen_Alg_22_8_2_Colorado2025-greenBox_details.csv,Gen_alg,Gen_Alg_22/8_2,40.0,5.5,,149280,Gen_Alg_22/8_2,2025-08-22
gen_alg_22_8_3,12467,20260227_325_Gen_Alg_22_8_3_Colorado2025-greenBox_details.csv,Gen_alg,Gen_Alg_22/8_3,40.0,5.5,,90669.0909090909,Gen_Alg_22/8_3,2025-08-22
gen_alg_24_8_6,15130,20260227_336_Gen_Alg_24_8_6_Colorado2025-greenBox_details.csv,Gen_alg,Gen_Alg_24/8_6,40.0,5.5,,110036.363636364,Gen_Alg_24/8_6,2025-08-24
gen_alg_24_8_4,11847,20260227_334_Gen_Alg_24_8_4_Colorado2025-greenBox_details.csv,Gen_alg,Gen_Alg_24/8_4,40.0,5.5,,86160,Gen_Alg_24/8_4,2025-08-24
gen_alg_24_8_2,13278,20260227_332_Gen_Alg_24_8_2_Colorado2025-greenBox_details.csv,Gen_alg,Gen_Alg_24/8_2,40.0,5.5,,96567.2727272727,Gen_Alg_24/8_2,2025-08-24
gen_alg_24_8_7,11630,20260227_337_Gen_Alg_24_8_7_Colorado2025-greenBox_details.csv,Gen_alg,Gen_Alg_24/8_7,40.0,5.5,,84581.8181818182,Gen_Alg_24/8_7,2025-08-24
gen_alg_24_8_3,25110,20260227_333_Gen_Alg_24_8_3_Colorado2025-greenBox_details.csv,Gen_alg,Gen_Alg_24/8_3,40.0,5.5,,182618.181818182,Gen_Alg_24/8_3,2025-08-24
gen_alg_24_8_5,17418,20260227_335_Gen_Alg_24_8_5_Colorado2025-greenBox_details.csv,Gen_alg,Gen_Alg_24/8_5,40.0,5.5,,126676.363636364,Gen_Alg_24/8_5,2025-08-24
gen_alg_24_8_1,19297,20260227_331_Gen_Alg_24_8_1_Colorado2025-greenBox_details.csv,Gen_alg,Gen_Alg_24/8_1,40.0,5.5,,140341.818181818,Gen_Alg_24/8_1,2025-08-24
gen_alg_26_8_5,17296,20260227_342_Gen_Alg_26_8_5_Colorado2025-greenBox_details.csv,Gen_alg,Gen_Alg_26/8_5,40.0,5.5,,125789.090909091,Gen_Alg_26/8_5,2025-08-26
gen_alg_26_8_4,15946,20260227_341_Gen_Alg_26_8_4_Colorado2025-greenBox_details.csv,Gen_alg,Gen_Alg_26/8_4,40.0,5.5,,115970.909090909,Gen_Alg_26/8_4,2025-08-26
gen_alg_26_8_7,26799,20260227_344_Gen_Alg_26_8_7_Colorado2025-greenBox_details.csv,Gen_alg,Gen_Alg_26/8_7,40.0,5.5,,194901.818181818,Gen_Alg_26/8_7,2025-08-26
gen_alg_26_8_2,10752,20260227_339_Gen_Alg_26_8_2_Colorado2025-greenBox_details.csv,Gen_alg,Gen_Alg_26/8_2,40.0,5.5,,78196.3636363636,Gen_Alg_26/8_2,2025-08-26
gen_alg_26_8_6,13218,20260227_343_Gen_Alg_26_8_6_Colorado2025-greenBox_details.csv,Gen_alg,Gen_Alg_26/8_6,40.0,5.5,,96130.9090909091,Gen_Alg_26/8_6,2025-08-26
gen_alg_26_8_1,39064,20260227_338_Gen_Alg_26_8_1_Colorado2025-greenBox_details.csv,Gen_alg,Gen_Alg_26/8_1,40.0,5.5,,284101.818181818,Gen_Alg_26/8_1,2025-08-26
gen_alg_26_8_3,20615,20260227_340_Gen_Alg_26_8_3_Colorado2025-greenBox_details.csv,Gen_alg,Gen_Alg_26/8_3,40.0,5.5,,149927.272727273,Gen_Alg_26/8_3,2025-08-26
